gameId,actionNumber,clock,period,teamId,teamTricode,personId,playerName,playerNameI,xLegacy,yLegacy,shotDistance,shotResult,isFieldGoal,scoreHome,scoreAway,pointsTotal,location,description,actionType,subType,videoAvailable,shotValue,actionId
0022400408,2,PT12M00.00S,1,0,,0,,,0,0,0,,0,0,0,0,,Start of 1st Period (8:08 PM EST),period,start,1,0,1
0022400408,4,PT12M00.00S,1,1610612744,GSW,1631218,Jackson-Davis,T. Jackson-Davis,0,0,0,,0,,,0,h,Jump Ball Jackson-Davis vs. Davis: Tip to Christie,Jump Ball,,1,0,2
0022400408,7,PT11M41.00S,1,1610612747,LAL,2544,James,L. James,156,-5,16,Missed,1,,,0,v,MISS L. James 16' Pullup Jump Shot,Missed Shot,Pullup Jump shot,1,2,3
0022400408,8,PT11M37.00S,1,1610612744,GSW,203471,Schröder,D. Schröder,0,0,0,,0,,,0,h,Schroder REBOUND (Off:0 Def:1),Rebound,Unknown,1,0,4
0022400408,9,PT11M25.00S,1,1610612744,GSW,201939,Curry,S. Curry,17,12,2,Made,1,2,0,2,h,Curry 2' Cutting Layup Shot (2 PTS) (Green 1 AST),Made Shot,Cutting Layup Shot,1,2,5
0022400408,11,PT11M04.00S,1,1610612747,LAL,2544,James,L. James,-1,57,6,Made,1,2,2,4,v,L. James 6' Hook Shot (2 PTS),Made Shot,Hook Shot,1,2,6
0022400408,12,PT10M45.00S,1,1610612744,GSW,203952,Wiggins,A. Wiggins,212,134,25,Missed,1,,,0,h,MISS Wiggins 25' 3PT Step Back Jump Shot,Missed Shot,Step Back Jump shot,1,3,7
0022400408,13,PT10M42.00S,1,1610612747,LAL,1630559,Reaves,A. Reaves,0,0,0,,0,,,0,v,Reaves REBOUND (Off:0 Def:1),Rebound,Unknown,1,0,8
0022400408,14,PT10M34.00S,1,1610612747,LAL,2544,James,L. James,32,17,4,Made,1,2,4,6,v,L. James 4' Cutting Layup Shot (4 PTS) (Reaves 1 AST),Made Shot,Cutting Layup Shot,1,2,9
0022400408,16,PT10M24.00S,1,1610612744,GSW,203110,Green,D. Green,-235,32,24,Missed,1,,,0,h,MISS Green 24' 3PT Jump Shot,Missed Shot,Jump Shot,1,3,10
0022400408,17,PT10M22.00S,1,1610612747,LAL,1629060,Hachimura,R. Hachimura,0,0,0,,0,,,0,v,Hachimura REBOUND (Off:0 Def:1),Rebound,Unknown,1,0,11
0022400408,18,PT10M09.00S,1,1610612747,LAL,203076,Davis,A. Davis,20,77,8,Missed,1,,,0,v,MISS Davis 8' Turnaround Fadeaway Shot,Missed Shot,Turnaround Fadeaway shot,1,2,12
0022400408,19,PT10M05.00S,1,1610612744,GSW,203471,Schröder,D. Schröder,0,0,0,,0,,,0,h,Schroder REBOUND (Off:0 Def:2),Rebound,Unknown,1,0,13
0022400408,20,PT09M49.00S,1,1610612744,GSW,203471,Schröder,D. Schröder,233,73,24,Made,1,5,4,9,h,Schroder 24' 3PT Jump Shot (3 PTS) (Jackson-Davis 1 AST),Made Shot,Jump Shot,1,3,14
0022400408,22,PT09M21.00S,1,1610612747,LAL,203076,Davis,A. Davis,61,-4,6,Missed,1,,,0,v,MISS Davis 6' Floating Jump Shot,Missed Shot,Floating Jump shot,1,2,15
0022400408,22,PT09M21.00S,1,1610612744,GSW,1631218,Jackson-Davis,T. Jackson-Davis,0,0,0,,0,,,0,h,Jackson-Davis BLOCK (1 BLK),,,1,2,16
0022400408,24,PT09M20.00S,1,1610612744,GSW,1631218,Jackson-Davis,T. Jackson-Davis,0,0,0,,0,,,0,h,Jackson-Davis REBOUND (Off:0 Def:1),Rebound,Unknown,1,0,17
0022400408,25,PT09M15.00S,1,1610612744,GSW,203471,Schröder,D. Schröder,27,20,3,Missed,1,,,0,h,MISS Schroder 3' Running Layup,Missed Shot,Running Layup Shot,1,2,18
0022400408,27,PT09M15.00S,1,0,,1610612744,,,0,0,0,,0,,,0,h,WARRIORS Rebound,Rebound,Unknown,0,0,19
0022400408,29,PT09M01.00S,1,1610612744,GSW,1631218,Jackson-Davis,T. Jackson-Davis,138,12,14,Missed,1,,,0,h,MISS Jackson-Davis 14' Jump Shot,Missed Shot,Jump Shot,1,2,20
0022400408,30,PT08M58.00S,1,1610612747,LAL,2544,James,L. James,0,0,0,,0,,,0,v,L. James REBOUND (Off:0 Def:1),Rebound,Unknown,1,0,21
0022400408,31,PT08M48.00S,1,1610612747,LAL,1629060,Hachimura,R. Hachimura,-22,24,3,Missed,1,,,0,v,MISS Hachimura 3' Driving Dunk,Missed Shot,Driving Dunk Shot,1,2,22
0022400408,32,PT08M46.00S,1,1610612744,GSW,203952,Wiggins,A. Wiggins,0,0,0,,0,,,0,h,Wiggins REBOUND (Off:0 Def:1),Rebound,Unknown,1,0,23
0022400408,33,PT08M39.00S,1,1610612744,GSW,203110,Green,D. Green,-233,6,0,Missed,1,,,0,h,MISS Green 3PT Jump Shot,Missed Shot,Jump Shot,1,3,24
0022400408,34,PT08M35.00S,1,1610612747,LAL,203076,Davis,A. Davis,0,0,0,,0,,,0,v,Davis REBOUND (Off:0 Def:1),Rebound,Unknown,1,0,25
0022400408,35,PT08M22.00S,1,1610612747,LAL,1631108,Christie,M. Christie,-183,182,26,Missed,1,,,0,v,MISS Christie 26' 3PT Jump Shot,Missed Shot,Jump Shot,1,3,26
0022400408,36,PT08M18.00S,1,1610612744,GSW,203110,Green,D. Green,0,0,0,,0,,,0,h,Green REBOUND (Off:0 Def:1),Rebound,Unknown,1,0,27
0022400408,37,PT08M13.00S,1,1610612744,GSW,203471,Schröder,D. Schröder,-183,201,27,Made,1,8,4,12,h,Schroder 27' 3PT Jump Shot (6 PTS) (Green 2 AST),Made Shot,Jump Shot,1,3,28
0022400408,39,PT07M59.00S,1,1610612747,LAL,1630559,Reaves,A. Reaves,-97,235,25,Missed,1,,,0,v,MISS Reaves 25' 3PT Pullup Jump Shot,Missed Shot,Pullup Jump shot,1,3,29
0022400408,40,PT07M55.00S,1,1610612744,GSW,1631218,Jackson-Davis,T. Jackson-Davis,0,0,0,,0,,,0,h,Jackson-Davis REBOUND (Off:0 Def:2),Rebound,Unknown,1,0,30
0022400408,41,PT07M47.00S,1,1610612744,GSW,1631218,Jackson-Davis,T. Jackson-Davis,0,0,0,,0,,,0,h,Jackson-Davis Lost Ball Turnover (P1.T1),Turnover,Lost Ball,1,0,31
0022400408,41,PT07M47.00S,1,1610612747,LAL,1630559,Reaves,A. Reaves,0,0,0,,0,,,0,v,Reaves STEAL (1 STL),,,1,0,32
0022400408,43,PT07M43.00S,1,1610612744,GSW,203471,Schröder,D. Schröder,0,0,0,,0,,,0,h,Schroder P.FOUL (P1.T1) (J.Van Duyne),Foul,Personal,1,0,33
0022400408,45,PT07M33.00S,1,1610612747,LAL,1629060,Hachimura,R. Hachimura,0,0,0,,0,,,0,v,Hachimura Out of Bounds - Bad Pass Turnover Turnover (P1.T1),Turnover,Out of Bounds - Bad Pass Turnover,1,0,34
0022400408,46,PT07M11.00S,1,1610612744,GSW,203952,Wiggins,A. Wiggins,4,62,6,Made,1,10,4,14,h,Wiggins 6' Layup (2 PTS) (Jackson-Davis 2 AST),Made Shot,Layup Shot,1,2,35
0022400408,48,PT07M00.00S,1,1610612747,LAL,1630559,Reaves,A. Reaves,83,44,9,Missed,1,,,0,v,MISS Reaves 9' Driving Layup,Missed Shot,Driving Layup Shot,1,2,36
0022400408,49,PT06M56.00S,1,1610612747,LAL,203076,Davis,A. Davis,0,0,0,,0,,,0,v,Davis REBOUND (Off:1 Def:1),Rebound,Unknown,1,0,37
0022400408,50,PT06M56.00S,1,1610612747,LAL,203076,Davis,A. Davis,0,0,0,Missed,1,,,0,v,MISS Davis Tip Layup Shot,Missed Shot,Tip Layup Shot,1,2,38
0022400408,51,PT06M55.00S,1,1610612744,GSW,201939,Curry,S. Curry,0,0,0,,0,,,0,h,Curry REBOUND (Off:0 Def:1),Rebound,Unknown,1,0,39
0022400408,52,PT06M48.00S,1,1610612744,GSW,203110,Green,D. Green,-223,15,0,Missed,1,,,0,h,MISS Green 3PT Jump Shot,Missed Shot,Jump Shot,1,3,40
0022400408,53,PT06M46.00S,1,1610612747,LAL,2544,James,L. James,0,0,0,,0,,,0,v,L. James REBOUND (Off:0 Def:2),Rebound,Unknown,1,0,41
0022400408,54,PT06M37.00S,1,1610612747,LAL,2544,James,L. James,-26,15,3,Made,1,10,6,16,v,L. James 3' Driving Dunk (6 PTS),Made Shot,Driving Dunk Shot,1,2,42
0022400408,55,PT06M25.00S,1,1610612744,GSW,201939,Curry,S. Curry,6,52,5,Missed,1,,,0,h,MISS Curry 5' Driving Finger Roll Layup,Missed Shot,Driving Finger Roll Layup Shot,1,2,43
0022400408,56,PT06M23.00S,1,1610612747,LAL,1631108,Christie,M. Christie,0,0,0,,0,,,0,v,Christie REBOUND (Off:0 Def:1),Rebound,Unknown,1,0,44
0022400408,57,PT06M16.00S,1,1610612747,LAL,1629060,Hachimura,R. Hachimura,-229,20,0,Made,1,10,9,19,v,Hachimura 3PT Running Jump Shot (3 PTS) (L. James 1 AST),Made Shot,Running Jump Shot,1,3,45
0022400408,59,PT05M52.00S,1,1610612744,GSW,201939,Curry,S. Curry,0,0,0,,0,,,0,h,Curry Bad Pass Turnover (P1.T2),Turnover,Bad Pass,1,0,46
0022400408,59,PT05M52.00S,1,1610612747,LAL,203076,Davis,A. Davis,0,0,0,,0,,,0,v,Davis STEAL (1 STL),,,1,0,47
0022400408,61,PT05M48.00S,1,1610612747,LAL,1630559,Reaves,A. Reaves,54,15,6,Missed,1,,,0,v,MISS Reaves 6' Running Layup,Missed Shot,Running Layup Shot,1,2,48
0022400408,61,PT05M48.00S,1,1610612744,GSW,203952,Wiggins,A. Wiggins,0,0,0,,0,,,0,h,Wiggins BLOCK (1 BLK),,,1,2,49
0022400408,63,PT05M47.00S,1,0,,1610612744,,,0,0,0,,0,,,0,h,WARRIORS Rebound,Rebound,Unknown,0,0,50
0022400408,65,PT05M47.00S,1,0,,1610612744,,,0,0,0,,0,,,0,h,WARRIORS Timeout: Regular (Full 1 Short 0),Timeout,Regular,0,0,51
0022400408,66,PT05M47.00S,1,1610612744,GSW,203471,Schröder,D. Schröder,0,0,0,,0,,,0,h,SUB: Hield FOR Schroder,Substitution,,0,0,52
0022400408,67,PT05M47.00S,1,1610612747,LAL,2544,James,L. James,0,0,0,,0,,,0,v,SUB: Vincent FOR L. James,Substitution,,0,0,53
0022400408,70,PT05M31.00S,1,1610612744,GSW,203952,Wiggins,A. Wiggins,105,252,27,Made,1,13,9,22,h,Wiggins 27' 3PT Jump Shot (5 PTS) (Green 3 AST),Made Shot,Jump Shot,1,3,54
0022400408,72,PT05M04.00S,1,1610612747,LAL,1630559,Reaves,A. Reaves,104,109,15,Missed,1,,,0,v,MISS Reaves 15' Pullup Jump Shot,Missed Shot,Pullup Jump shot,1,2,55
0022400408,73,PT05M01.00S,1,1610612744,GSW,1631218,Jackson-Davis,T. Jackson-Davis,0,0,0,,0,,,0,h,Jackson-Davis REBOUND (Off:0 Def:3),Rebound,Unknown,1,0,56
0022400408,74,PT04M55.00S,1,1610612744,GSW,201939,Curry,S. Curry,136,231,27,Made,1,16,9,25,h,Curry 27' 3PT Pullup Jump Shot (5 PTS) (Green 4 AST),Made Shot,Pullup Jump shot,1,3,57
0022400408,76,PT04M48.00S,1,0,,1610612747,,,0,0,0,,0,,,0,v,Lakers Timeout: Regular (Reg.1 Short 0),Timeout,Regular,0,0,58
0022400408,77,PT04M48.00S,1,1610612744,GSW,203110,Green,D. Green,0,0,0,,0,,,0,h,SUB: Looney FOR Green,Substitution,,0,0,59
0022400408,78,PT04M48.00S,1,1610612744,GSW,1631218,Jackson-Davis,T. Jackson-Davis,0,0,0,,0,,,0,h,SUB: Kuminga FOR Jackson-Davis,Substitution,,0,0,60
0022400408,79,PT04M48.00S,1,1610612747,LAL,203076,Davis,A. Davis,0,0,0,,0,,,0,v,SUB: Knecht FOR Davis,Substitution,,0,0,61
0022400408,80,PT04M48.00S,1,1610612747,LAL,1631108,Christie,M. Christie,0,0,0,,0,,,0,v,SUB: Reddish FOR Christie,Substitution,,0,0,62
0022400408,87,PT04M32.00S,1,1610612747,LAL,1629629,Reddish,C. Reddish,53,79,10,Made,1,16,11,27,v,Reddish 10' Floating Jump Shot (2 PTS) (Reaves 2 AST),Made Shot,Floating Jump shot,1,2,63
0022400408,89,PT04M14.00S,1,1610612744,GSW,203952,Wiggins,A. Wiggins,-9,26,3,Made,1,18,11,29,h,Wiggins 3' Cutting Layup Shot (7 PTS) (Curry 1 AST),Made Shot,Cutting Layup Shot,1,2,64
0022400408,91,PT04M04.00S,1,1610612747,LAL,1642261,Knecht,D. Knecht,9,34,4,Made,1,18,13,31,v,Knecht 4' Driving Finger Roll Layup (2 PTS) (Reaves 3 AST),Made Shot,Driving Finger Roll Layup Shot,1,2,65
0022400408,93,PT03M57.00S,1,1610612744,GSW,1627741,Hield,B. Hield,156,211,26,Missed,1,,,0,h,MISS Hield 26' 3PT Running Jump Shot,Missed Shot,Running Jump Shot,1,3,66
0022400408,94,PT03M57.00S,1,1610612747,LAL,1629216,Vincent,G. Vincent,0,0,0,,0,,,0,v,Vincent REBOUND (Off:0 Def:1),Rebound,Unknown,1,0,67
0022400408,95,PT03M45.00S,1,1610612747,LAL,1630559,Reaves,A. Reaves,9,16,2,Made,1,18,15,33,v,Reaves 2' Finger Roll Layup (2 PTS),Made Shot,Finger Roll Layup Shot,1,2,68
0022400408,96,PT03M32.00S,1,1610612744,GSW,1627741,Hield,B. Hield,-28,13,3,Made,1,20,15,35,h,Hield 3' Finger Roll Layup (2 PTS) (Curry 2 AST),Made Shot,Finger Roll Layup Shot,1,2,69
0022400408,97,PT03M22.00S,1,1610612747,LAL,1629060,Hachimura,R. Hachimura,-147,216,26,Missed,1,,,0,v,MISS Hachimura 26' 3PT Jump Shot,Missed Shot,Jump Shot,1,3,70
0022400408,98,PT03M22.00S,1,1610612747,LAL,1642261,Knecht,D. Knecht,0,0,0,,0,,,0,v,Knecht REBOUND (Off:1 Def:0),Rebound,Unknown,1,0,71
0022400408,100,PT03M12.00S,1,1610612747,LAL,1642261,Knecht,D. Knecht,189,198,27,Missed,1,,,0,v,MISS Knecht 27' 3PT Jump Shot,Missed Shot,Jump Shot,1,3,72
0022400408,101,PT03M10.00S,1,1610612744,GSW,1630228,Kuminga,J. Kuminga,0,0,0,,0,,,0,h,Kuminga REBOUND (Off:0 Def:1),Rebound,Unknown,1,0,73
0022400408,102,PT02M57.00S,1,1610612744,GSW,203952,Wiggins,A. Wiggins,-151,228,27,Made,1,23,15,38,h,Wiggins 27' 3PT Pullup Jump Shot (10 PTS) (Looney 1 AST),Made Shot,Pullup Jump shot,1,3,74
0022400408,104,PT02M48.00S,1,1610612747,LAL,1630559,Reaves,A. Reaves,208,184,28,Made,1,23,18,41,v,Reaves 28' 3PT Pullup Jump Shot (5 PTS),Made Shot,Pullup Jump shot,1,3,75
0022400408,105,PT02M26.00S,1,1610612744,GSW,1627741,Hield,B. Hield,0,0,0,,0,,,0,h,Hield OFF.Foul (P1) (J.Butler),Foul,Offensive,1,0,76
0022400408,107,PT02M26.00S,1,1610612744,GSW,1627741,Hield,B. Hield,0,0,0,,0,,,0,h,Hield Offensive Foul Turnover (P1.T3),Turnover,Offensive Foul Turnover,1,0,77
0022400408,108,PT02M26.00S,1,1610612744,GSW,203952,Wiggins,A. Wiggins,0,0,0,,0,,,0,h,SUB: Podziemski FOR Wiggins,Substitution,,0,0,78
0022400408,109,PT02M26.00S,1,1610612744,GSW,201939,Curry,S. Curry,0,0,0,,0,,,0,h,SUB: Schroder FOR Curry,Substitution,,0,0,79
0022400408,110,PT02M26.00S,1,1610612747,LAL,1630559,Reaves,A. Reaves,0,0,0,,0,,,0,v,SUB: L. James FOR Reaves,Substitution,,0,0,80
0022400408,111,PT02M26.00S,1,1610612747,LAL,1629060,Hachimura,R. Hachimura,0,0,0,,0,,,0,v,SUB: Koloko FOR Hachimura,Substitution,,0,0,81
0022400408,116,PT02M01.00S,1,1610612747,LAL,2544,James,L. James,-43,55,7,Made,1,23,20,43,v,L. James 7' Driving Floating Jump Shot (8 PTS) (Vincent 1 AST),Made Shot,Driving Floating Jump Shot,1,2,82
0022400408,118,PT01M42.00S,1,1610612744,GSW,203471,Schröder,D. Schröder,132,230,27,Missed,1,,,0,h,MISS Schroder 27' 3PT Jump Shot,Missed Shot,Jump Shot,1,3,83
0022400408,119,PT01M39.00S,1,1610612747,LAL,1631132,Koloko,C. Koloko,0,0,0,,0,,,0,v,Koloko REBOUND (Off:0 Def:1),Rebound,Unknown,1,0,84
0022400408,120,PT01M29.00S,1,1610612747,LAL,2544,James,L. James,0,55,6,Missed,1,,,0,v,MISS L. James 6' Turnaround Jump Shot,Missed Shot,Turnaround Jump Shot,1,2,85
0022400408,121,PT01M26.00S,1,1610612744,GSW,1641764,Podziemski,B. Podziemski,0,0,0,,0,,,0,h,Podziemski REBOUND (Off:0 Def:1),Rebound,Unknown,1,0,86
0022400408,122,PT01M22.00S,1,1610612744,GSW,1627741,Hield,B. Hield,-233,58,24,Missed,1,,,0,h,MISS Hield 24' 3PT Running Jump Shot,Missed Shot,Running Jump Shot,1,3,87
0022400408,123,PT01M20.00S,1,0,,1610612744,,,0,0,0,,0,,,0,h,WARRIORS Rebound,Rebound,Unknown,1,0,88
0022400408,125,PT01M11.00S,1,1610612744,GSW,1630228,Kuminga,J. Kuminga,140,232,27,Missed,1,,,0,h,MISS Kuminga 27' 3PT Jump Shot,Missed Shot,Jump Shot,1,3,89
0022400408,126,PT01M06.00S,1,1610612747,LAL,1631132,Koloko,C. Koloko,0,0,0,,0,,,0,v,Koloko REBOUND (Off:0 Def:2),Rebound,Unknown,1,0,90
0022400408,127,PT00M59.60S,1,1610612747,LAL,1629216,Vincent,G. Vincent,-205,163,26,Missed,1,,,0,v,MISS Vincent 26' 3PT Pullup Jump Shot,Missed Shot,Pullup Jump shot,1,3,91
0022400408,128,PT00M57.50S,1,1610612744,GSW,1630228,Kuminga,J. Kuminga,0,0,0,,0,,,0,h,Kuminga REBOUND (Off:0 Def:2),Rebound,Unknown,1,0,92
0022400408,129,PT00M49.50S,1,1610612744,GSW,203471,Schröder,D. Schröder,126,7,13,Missed,1,,,0,h,MISS Schroder 13' Pullup Jump Shot,Missed Shot,Pullup Jump shot,1,2,93
0022400408,130,PT00M49.50S,1,1610612747,LAL,1629216,Vincent,G. Vincent,0,0,0,,0,,,0,v,Vincent REBOUND (Off:0 Def:2),Rebound,Unknown,1,0,94
0022400408,131,PT00M29.30S,1,1610612747,LAL,2544,James,L. James,-25,43,5,Missed,1,,,0,v,MISS L. James 5' Fadeaway Jumper,Missed Shot,Fadeaway Jump Shot,1,2,95
0022400408,132,PT00M26.60S,1,1610612747,LAL,1631132,Koloko,C. Koloko,0,0,0,,0,,,0,v,Koloko REBOUND (Off:1 Def:2),Rebound,Unknown,1,0,96
0022400408,133,PT00M24.70S,1,1610612747,LAL,1642261,Knecht,D. Knecht,-234,-17,0,Made,1,23,23,46,v,Knecht 3PT Jump Shot (5 PTS) (Reddish 1 AST),Made Shot,Jump Shot,1,3,97
0022400408,135,PT00M00.60S,1,1610612744,GSW,203471,Schröder,D. Schröder,-121,279,30,Missed,1,,,0,h,MISS Schroder 30' 3PT Jump Shot,Missed Shot,Jump Shot,1,3,98
0022400408,135,PT00M00.60S,1,1610612747,LAL,1642261,Knecht,D. Knecht,0,0,0,,0,,,0,v,Knecht BLOCK (1 BLK),,,1,3,99
0022400408,137,PT00M00.10S,1,0,,1610612744,,,0,0,0,,0,,,0,h,WARRIORS Rebound,Rebound,Unknown,0,0,100
0022400408,138,PT00M00.00S,1,0,,0,,,0,0,0,,0,23,23,46,,End of 1st Period (8:30 PM EST),period,end,1,0,101
0022400408,145,PT12M00.00S,2,0,,0,,,0,0,0,,0,23,23,46,,Start of 2nd Period (8:34 PM EST),period,start,0,0,102
0022400408,146,PT11M48.00S,2,1610612744,GSW,1627780,Payton II,G. Payton II,2,34,3,Made,1,25,23,48,h,Payton II 3' Cutting Dunk Shot (2 PTS) (Curry 3 AST),Made Shot,Cutting Dunk Shot,1,2,103
0022400408,148,PT11M26.00S,2,1610612747,LAL,1629629,Reddish,C. Reddish,-6,255,26,Missed,1,,,0,v,MISS Reddish 26' 3PT Jump Shot,Missed Shot,Jump Shot,1,3,104
0022400408,149,PT11M23.00S,2,0,,1610612744,,,0,0,0,,0,,,0,h,WARRIORS Rebound,Rebound,Unknown,0,0,105
0022400408,151,PT11M06.00S,2,1610612744,GSW,201939,Curry,S. Curry,-4,288,29,Missed,1,,,0,h,MISS Curry 29' 3PT Jump Shot,Missed Shot,Jump Shot,1,3,106
0022400408,152,PT11M02.00S,2,1610612744,GSW,203110,Green,D. Green,0,0,0,,0,,,0,h,Green REBOUND (Off:1 Def:1),Rebound,Unknown,1,0,107
0022400408,153,PT10M59.00S,2,1610612744,GSW,201939,Curry,S. Curry,-169,204,26,Made,1,28,23,51,h,Curry 26' 3PT Jump Shot (8 PTS) (Podziemski 1 AST),Made Shot,Jump Shot,1,3,108
0022400408,155,PT10M42.00S,2,1610612747,LAL,2544,James,L. James,174,218,28,Made,1,28,26,54,v,L. James 28' 3PT Jump Shot (11 PTS) (Knecht 1 AST),Made Shot,Jump Shot,1,3,109
0022400408,157,PT10M23.00S,2,1610612744,GSW,201939,Curry,S. Curry,161,210,26,Missed,1,,,0,h,MISS Curry 26' 3PT Pullup Jump Shot,Missed Shot,Pullup Jump shot,1,3,110
0022400408,158,PT10M21.00S,2,1610612747,LAL,1642261,Knecht,D. Knecht,0,0,0,,0,,,0,v,Knecht REBOUND (Off:1 Def:1),Rebound,Unknown,1,0,111
0022400408,159,PT10M10.00S,2,1610612747,LAL,2544,James,L. James,-22,36,4,Missed,1,,,0,v,MISS L. James 4' Driving Layup,Missed Shot,Driving Layup Shot,1,2,112
0022400408,159,PT10M10.00S,2,1610612744,GSW,203110,Green,D. Green,0,0,0,,0,,,0,h,Green BLOCK (1 BLK),,,1,2,113
0022400408,161,PT10M07.00S,2,1610612747,LAL,1631132,Koloko,C. Koloko,0,0,0,,0,,,0,v,Koloko REBOUND (Off:2 Def:2),Rebound,Unknown,1,0,114
0022400408,162,PT10M05.00S,2,1610612747,LAL,1631132,Koloko,C. Koloko,9,57,6,Made,1,28,28,56,v,Koloko 6' Turnaround Hook Shot (2 PTS),Made Shot,Turnaround Hook Shot,1,2,115
0022400408,163,PT09M52.00S,2,1610612744,GSW,201939,Curry,S. Curry,0,0,0,,0,,,0,h,Curry Bad Pass Turnover (P2.T4),Turnover,Bad Pass,1,0,116
0022400408,163,PT09M52.00S,2,1610612747,LAL,2544,James,L. James,0,0,0,,0,,,0,v,L. James STEAL (1 STL),,,1,0,117
0022400408,165,PT09M38.00S,2,1610612744,GSW,1627780,Payton II,G. Payton II,0,0,0,,0,,,0,h,Payton II S.FOUL (P1.T1) (J.Van Duyne),Foul,Shooting,1,0,118
0022400408,167,PT09M38.00S,2,1610612747,LAL,2544,James,L. James,0,0,0,,0,28,29,57,v,L. James Free Throw 1 of 2 (12 PTS),Free Throw,Free Throw 1 of 2,1,0,119
0022400408,168,PT09M38.00S,2,1610612747,LAL,1629629,Reddish,C. Reddish,0,0,0,,0,,,0,v,SUB: Hachimura FOR Reddish,Substitution,,0,0,120
0022400408,169,PT09M38.00S,2,1610612747,LAL,1631132,Koloko,C. Koloko,0,0,0,,0,,,0,v,SUB: Christie FOR Koloko,Substitution,,0,0,121
0022400408,172,PT09M38.00S,2,1610612747,LAL,2544,James,L. James,0,0,0,,0,28,30,58,v,L. James Free Throw 2 of 2 (13 PTS),Free Throw,Free Throw 2 of 2,1,0,122
0022400408,173,PT09M26.00S,2,1610612744,GSW,1630228,Kuminga,J. Kuminga,9,37,4,Made,1,30,30,60,h,Kuminga 4' Driving Dunk (2 PTS),Made Shot,Driving Dunk Shot,1,2,123
0022400408,174,PT09M25.00S,2,0,,1610612744,,,0,0,0,,0,,,0,h,WARRIORS Violation: Delay of game Violation,Violation,Delay Of Game,0,0,124
0022400408,175,PT09M07.00S,2,1610612747,LAL,1631108,Christie,M. Christie,-195,157,25,Missed,1,,,0,v,MISS Christie 25' 3PT Jump Shot,Missed Shot,Jump Shot,1,3,125
0022400408,176,PT09M03.00S,2,1610612744,GSW,1630228,Kuminga,J. Kuminga,0,0,0,,0,,,0,h,Kuminga REBOUND (Off:0 Def:3),Rebound,Unknown,1,0,126
0022400408,178,PT08M57.00S,2,1610612744,GSW,1630228,Kuminga,J. Kuminga,-37,83,9,Missed,1,,,0,h,MISS Kuminga 9' Pullup Jump Shot,Missed Shot,Pullup Jump shot,1,2,127
0022400408,179,PT08M55.00S,2,1610612747,LAL,1631108,Christie,M. Christie,0,0,0,,0,,,0,v,Christie REBOUND (Off:0 Def:2),Rebound,Unknown,1,0,128
0022400408,180,PT08M51.00S,2,1610612747,LAL,1642261,Knecht,D. Knecht,37,6,4,Made,1,30,32,62,v,Knecht 4' Running Layup (7 PTS) (L. James 2 AST),Made Shot,Running Layup Shot,1,2,129
0022400408,182,PT08M40.00S,2,1610612744,GSW,201939,Curry,S. Curry,-140,259,29,Missed,1,,,0,h,MISS Curry 29' 3PT Pullup Jump Shot,Missed Shot,Pullup Jump shot,1,3,130
0022400408,183,PT08M40.00S,2,1610612747,LAL,1629060,Hachimura,R. Hachimura,0,0,0,,0,,,0,v,Hachimura REBOUND (Off:0 Def:2),Rebound,Unknown,1,0,131
0022400408,184,PT08M29.00S,2,1610612747,LAL,1629060,Hachimura,R. Hachimura,-132,229,26,Made,1,30,35,65,v,Hachimura 26' 3PT Jump Shot (6 PTS) (L. James 3 AST),Made Shot,Jump Shot,1,3,132
0022400408,186,PT08M16.00S,2,1610612744,GSW,203110,Green,D. Green,-43,256,26,Missed,1,,,0,h,MISS Green 26' 3PT Jump Shot,Missed Shot,Jump Shot,1,3,133
0022400408,187,PT08M15.00S,2,0,,1610612747,,,0,0,0,,0,,,0,v,Lakers Rebound,Rebound,Unknown,0,0,134
0022400408,189,PT08M04.00S,2,1610612747,LAL,1631108,Christie,M. Christie,-40,48,6,Missed,1,,,0,v,MISS Christie 6' Driving Layup,Missed Shot,Driving Layup Shot,1,2,135
0022400408,189,PT08M04.00S,2,1610612744,GSW,203110,Green,D. Green,0,0,0,,0,,,0,h,Green BLOCK (2 BLK),,,1,2,136
0022400408,191,PT08M03.00S,2,0,,1610612747,,,0,0,0,,0,,,0,v,Lakers Rebound,Rebound,Unknown,0,0,137
0022400408,193,PT08M03.00S,2,1610612744,GSW,1641764,Podziemski,B. Podziemski,0,0,0,,0,,,0,h,SUB: Schroder FOR Podziemski,Substitution,,0,0,138
0022400408,194,PT08M03.00S,2,1610612744,GSW,201939,Curry,S. Curry,0,0,0,,0,,,0,h,SUB: Wiggins FOR Curry,Substitution,,0,0,139
0022400408,197,PT08M01.00S,2,1610612744,GSW,203110,Green,D. Green,0,0,0,,0,,,0,h,Green S.FOUL (P1.T2) (J.Butler),Foul,Shooting,1,0,140
0022400408,199,PT08M01.00S,2,1610612747,LAL,1642261,Knecht,D. Knecht,0,0,0,,0,30,36,66,v,Knecht Free Throw 1 of 2 (8 PTS),Free Throw,Free Throw 1 of 2,1,0,141
0022400408,200,PT08M01.00S,2,1610612744,GSW,1627780,Payton II,G. Payton II,0,0,0,,0,,,0,h,SUB: Hield FOR Payton II,Substitution,,0,0,142
0022400408,202,PT08M01.00S,2,1610612747,LAL,1642261,Knecht,D. Knecht,0,0,0,,0,30,37,67,v,Knecht Free Throw 2 of 2 (9 PTS),Free Throw,Free Throw 2 of 2,1,0,143
0022400408,203,PT07M46.00S,2,1610612744,GSW,1630228,Kuminga,J. Kuminga,-98,257,28,Missed,1,,,0,h,MISS Kuminga 28' 3PT Jump Shot,Missed Shot,Jump Shot,1,3,144
0022400408,204,PT07M43.00S,2,1610612747,LAL,1642261,Knecht,D. Knecht,0,0,0,,0,,,0,v,Knecht REBOUND (Off:1 Def:2),Rebound,Unknown,1,0,145
0022400408,205,PT07M37.00S,2,1610612744,GSW,203110,Green,D. Green,0,0,0,,0,,,0,h,Green P.FOUL (P2.T3) (S.Foster),Foul,Personal,1,0,146
0022400408,207,PT07M24.00S,2,1610612747,LAL,1629216,Vincent,G. Vincent,-232,-12,0,Missed,1,,,0,v,MISS Vincent 3PT Jump Shot,Missed Shot,Jump Shot,1,3,147
0022400408,208,PT07M21.00S,2,1610612744,GSW,1630228,Kuminga,J. Kuminga,0,0,0,,0,,,0,h,Kuminga REBOUND (Off:0 Def:4),Rebound,Unknown,1,0,148
0022400408,209,PT07M14.00S,2,1610612747,LAL,1629060,Hachimura,R. Hachimura,0,0,0,,0,,,0,v,Hachimura P.FOUL (P1.T1) (J.Van Duyne),Foul,Personal,1,0,149
0022400408,211,PT07M14.00S,2,1610612744,GSW,203110,Green,D. Green,0,0,0,,0,,,0,h,SUB: Jackson-Davis FOR Green,Substitution,,0,0,150
0022400408,212,PT07M14.00S,2,1610612747,LAL,2544,James,L. James,0,0,0,,0,,,0,v,SUB: Reaves FOR L. James,Substitution,,0,0,151
0022400408,215,PT07M03.00S,2,1610612744,GSW,203952,Wiggins,A. Wiggins,-130,239,27,Missed,1,,,0,h,MISS Wiggins 27' 3PT Pullup Jump Shot,Missed Shot,Pullup Jump shot,1,3,152
0022400408,216,PT07M01.00S,2,1610612747,LAL,1630559,Reaves,A. Reaves,0,0,0,,0,,,0,v,Reaves REBOUND (Off:0 Def:2),Rebound,Unknown,1,0,153
0022400408,217,PT06M54.00S,2,1610612747,LAL,1642261,Knecht,D. Knecht,-25,27,4,Made,1,30,39,69,v,Knecht 4' Driving Layup (11 PTS) (Reaves 4 AST),Made Shot,Driving Layup Shot,1,2,154
0022400408,219,PT06M54.00S,2,0,,1610612744,,,0,0,0,,0,,,0,h,WARRIORS Timeout: Regular (Full 2 Short 0),Timeout,Regular,0,0,155
0022400408,221,PT06M54.00S,2,1610612747,LAL,1629216,Vincent,G. Vincent,0,0,0,,0,,,0,v,SUB: Reddish FOR Vincent,Substitution,,0,0,156
0022400408,224,PT06M54.00S,2,1610612744,GSW,1630228,Kuminga,J. Kuminga,0,0,0,,0,,,0,h,SUB: Podziemski FOR Kuminga,Substitution,,0,0,157
0022400408,225,PT06M41.00S,2,1610612744,GSW,203952,Wiggins,A. Wiggins,23,17,3,Made,1,32,39,71,h,Wiggins 3' Driving Layup (12 PTS) (Schroder 1 AST),Made Shot,Driving Layup Shot,1,2,158
0022400408,226,PT06M22.00S,2,1610612747,LAL,1642261,Knecht,D. Knecht,-234,-15,0,Missed,1,,,0,v,MISS Knecht 3PT Jump Shot,Missed Shot,Jump Shot,1,3,159
0022400408,227,PT06M19.00S,2,1610612747,LAL,1642261,Knecht,D. Knecht,0,0,0,,0,,,0,v,Knecht REBOUND (Off:2 Def:2),Rebound,Unknown,1,0,160
0022400408,228,PT06M14.00S,2,1610612747,LAL,1631108,Christie,M. Christie,18,52,6,Made,1,32,41,73,v,Christie 6' Driving Layup (2 PTS),Made Shot,Driving Layup Shot,1,2,161
0022400408,229,PT05M55.00S,2,1610612744,GSW,1641764,Podziemski,B. Podziemski,-18,74,8,Missed,1,,,0,h,MISS Podziemski 8' Driving Floating Jump Shot,Missed Shot,Driving Floating Jump Shot,1,2,162
0022400408,230,PT05M55.00S,2,1610612744,GSW,1631218,Jackson-Davis,T. Jackson-Davis,0,0,0,,0,,,0,h,Jackson-Davis REBOUND (Off:1 Def:3),Rebound,Unknown,1,0,163
0022400408,231,PT05M55.00S,2,1610612744,GSW,1631218,Jackson-Davis,T. Jackson-Davis,10,15,2,Made,1,34,41,75,h,Jackson-Davis 2' Putback Layup (2 PTS),Made Shot,Putback Layup Shot,1,2,164
0022400408,233,PT05M55.00S,2,1610612747,LAL,1629060,Hachimura,R. Hachimura,0,0,0,,0,,,0,v,Hachimura S.FOUL (P2.T2) (J.Butler),Foul,Shooting,1,0,165
0022400408,235,PT05M55.00S,2,1610612744,GSW,1631218,Jackson-Davis,T. Jackson-Davis,0,0,0,,0,35,41,76,h,Jackson-Davis Free Throw 1 of 1 (3 PTS),Free Throw,Free Throw 1 of 1,1,0,166
0022400408,236,PT05M37.00S,2,1610612747,LAL,1629060,Hachimura,R. Hachimura,94,183,21,Missed,1,,,0,v,MISS Hachimura 21' Jump Shot,Missed Shot,Jump Shot,1,2,167
0022400408,237,PT05M35.00S,2,1610612744,GSW,203952,Wiggins,A. Wiggins,0,0,0,,0,,,0,h,Wiggins REBOUND (Off:0 Def:2),Rebound,Unknown,1,0,168
0022400408,238,PT05M35.00S,2,1610612747,LAL,1629629,Reddish,C. Reddish,0,0,0,,0,,,0,v,Reddish P.FOUL (P1.T3) (J.Butler),Foul,Personal,1,0,169
0022400408,240,PT05M35.00S,2,1610612747,LAL,1629060,Hachimura,R. Hachimura,0,0,0,,0,,,0,v,SUB: Koloko FOR Hachimura,Substitution,,0,0,170
0022400408,242,PT05M20.00S,2,1610612744,GSW,203471,Schröder,D. Schröder,40,15,4,Missed,1,,,0,h,MISS Schroder 4' Driving Layup,Missed Shot,Driving Layup Shot,1,2,171
0022400408,242,PT05M20.00S,2,1610612747,LAL,1631132,Koloko,C. Koloko,0,0,0,,0,,,0,v,Koloko BLOCK (1 BLK),,,1,2,172
0022400408,243,PT05M17.00S,2,1610612744,GSW,1631218,Jackson-Davis,T. Jackson-Davis,0,0,0,,0,,,0,h,Jackson-Davis REBOUND (Off:2 Def:3),Rebound,Unknown,1,0,173
0022400408,244,PT05M17.00S,2,1610612744,GSW,1631218,Jackson-Davis,T. Jackson-Davis,0,0,0,Made,1,37,41,78,h,Jackson-Davis Tip Dunk Shot (5 PTS),Made Shot,Tip Dunk Shot,1,2,174
0022400408,245,PT05M02.00S,2,1610612747,LAL,1630559,Reaves,A. Reaves,-176,185,26,Missed,1,,,0,v,MISS Reaves 26' 3PT Jump Shot,Missed Shot,Jump Shot,1,3,175
0022400408,246,PT04M59.00S,2,1610612747,LAL,1631132,Koloko,C. Koloko,0,0,0,,0,,,0,v,Koloko REBOUND (Off:3 Def:2),Rebound,Unknown,1,0,176
0022400408,247,PT04M53.00S,2,1610612747,LAL,1630559,Reaves,A. Reaves,47,31,6,Missed,1,,,0,v,MISS Reaves 6' Layup,Missed Shot,Layup Shot,1,2,177
0022400408,247,PT04M53.00S,2,1610612744,GSW,1631218,Jackson-Davis,T. Jackson-Davis,0,0,0,,0,,,0,h,Jackson-Davis BLOCK (2 BLK),,,1,2,178
0022400408,249,PT04M50.00S,2,1610612747,LAL,1630559,Reaves,A. Reaves,0,0,0,,0,,,0,v,Reaves REBOUND (Off:1 Def:2),Rebound,Unknown,1,0,179
0022400408,250,PT04M49.00S,2,1610612747,LAL,1631108,Christie,M. Christie,-145,220,26,Made,1,37,44,81,v,Christie 26' 3PT Jump Shot (5 PTS) (Reaves 5 AST),Made Shot,Jump Shot,1,3,180
0022400408,252,PT04M26.00S,2,1610612744,GSW,203952,Wiggins,A. Wiggins,-44,25,5,Missed,1,,,0,h,MISS Wiggins 5' Driving Finger Roll Layup,Missed Shot,Driving Finger Roll Layup Shot,1,2,181
0022400408,253,PT04M24.00S,2,1610612744,GSW,203952,Wiggins,A. Wiggins,0,0,0,,0,,,0,h,Wiggins REBOUND (Off:1 Def:2),Rebound,Unknown,1,0,182
0022400408,254,PT04M24.00S,2,1610612744,GSW,203952,Wiggins,A. Wiggins,0,0,0,Missed,1,,,0,h,MISS Wiggins Putback Layup,Missed Shot,Putback Layup Shot,1,2,183
0022400408,255,PT04M24.00S,2,0,,1610612744,,,0,0,0,,0,,,0,h,WARRIORS Rebound,Rebound,Unknown,1,0,184
0022400408,259,PT04M19.00S,2,1610612744,GSW,1641764,Podziemski,B. Podziemski,0,0,0,,0,,,0,h,Podziemski Bad Pass Turnover (P1.T5),Turnover,Bad Pass,0,0,185
0022400408,259,PT04M19.00S,2,1610612747,LAL,1629629,Reddish,C. Reddish,0,0,0,,0,,,0,v,Reddish STEAL (1 STL),,,0,0,186
0022400408,261,PT04M14.00S,2,1610612747,LAL,1630559,Reaves,A. Reaves,46,60,8,Made,1,37,46,83,v,Reaves 8' Driving Floating Bank Jump Shot (7 PTS) (Reddish 2 AST),Made Shot,Driving Floating Bank Jump Shot,1,2,187
0022400408,263,PT03M52.00S,2,1610612744,GSW,1641764,Podziemski,B. Podziemski,-238,41,24,Made,1,40,46,86,h,Podziemski 24' 3PT Jump Shot (3 PTS) (Jackson-Davis 3 AST),Made Shot,Jump Shot,1,3,188
0022400408,265,PT03M50.00S,2,0,,1610612747,,,0,0,0,,0,,,0,v,Lakers Timeout: Regular (Reg.2 Short 0),Timeout,Regular,0,0,189
0022400408,266,PT03M50.00S,2,1610612744,GSW,1627741,Hield,B. Hield,0,0,0,,0,,,0,h,SUB: Curry FOR Hield,Substitution,,0,0,190
0022400408,267,PT03M50.00S,2,1610612744,GSW,203471,Schröder,D. Schröder,0,0,0,,0,,,0,h,SUB: Green FOR Schroder,Substitution,,0,0,191
0022400408,268,PT03M50.00S,2,1610612747,LAL,1642261,Knecht,D. Knecht,0,0,0,,0,,,0,v,SUB: Hachimura FOR Knecht,Substitution,,0,0,192
0022400408,269,PT03M50.00S,2,1610612747,LAL,1631132,Koloko,C. Koloko,0,0,0,,0,,,0,v,SUB: L. James FOR Koloko,Substitution,,0,0,193
0022400408,274,PT03M35.00S,2,1610612747,LAL,1631108,Christie,M. Christie,0,0,0,,0,,,0,v,Christie Out of Bounds Lost Ball Turnover (P1.T2),Turnover,Out of Bounds Lost Ball Turnover,1,0,194
0022400408,275,PT03M20.00S,2,1610612744,GSW,203110,Green,D. Green,0,0,0,,0,,,0,h,Green Bad Pass Turnover (P1.T6),Turnover,Bad Pass,1,0,195
0022400408,275,PT03M20.00S,2,1610612747,LAL,1629629,Reddish,C. Reddish,0,0,0,,0,,,0,v,Reddish STEAL (2 STL),,,1,0,196
0022400408,277,PT03M06.00S,2,1610612747,LAL,1631108,Christie,M. Christie,229,45,0,Missed,1,,,0,v,MISS Christie 3PT Jump Shot,Missed Shot,Jump Shot,1,3,197
0022400408,278,PT03M03.00S,2,1610612744,GSW,1631218,Jackson-Davis,T. Jackson-Davis,0,0,0,,0,,,0,h,Jackson-Davis REBOUND (Off:2 Def:4),Rebound,Unknown,1,0,198
0022400408,279,PT02M56.00S,2,1610612744,GSW,203952,Wiggins,A. Wiggins,-13,26,3,Made,1,42,46,88,h,Wiggins 3' Driving Dunk (14 PTS),Made Shot,Driving Dunk Shot,1,2,199
0022400408,280,PT02M41.00S,2,1610612744,GSW,203110,Green,D. Green,0,0,0,,0,,,0,h,Green P.FOUL (P3.T4) (J.Van Duyne),Foul,Personal,1,0,200
0022400408,284,PT02M41.00S,2,1610612747,LAL,1629629,Reddish,C. Reddish,0,0,0,,0,,,0,v,SUB: Knecht FOR Reddish,Substitution,,0,0,201
0022400408,285,PT02M39.00S,2,1610612744,GSW,1631218,Jackson-Davis,T. Jackson-Davis,0,0,0,,0,,,0,h,Jackson-Davis S.FOUL (P1.PN) (S.Foster),Foul,Shooting,1,0,202
0022400408,287,PT02M39.00S,2,1610612744,GSW,203110,Green,D. Green,0,0,0,,0,,,0,h,Green T.FOUL (P3.PN) (J.Butler),Foul,Technical,1,0,203
0022400408,288,PT02M39.00S,2,1610612747,LAL,1630559,Reaves,A. Reaves,0,0,0,,0,42,47,89,v,Reaves Free Throw Technical (8 PTS),Free Throw,Free Throw Technical,1,0,204
0022400408,289,PT02M39.00S,2,1610612747,LAL,1630559,Reaves,A. Reaves,0,0,0,,0,42,48,90,v,Reaves Free Throw 1 of 2 (9 PTS),Free Throw,Free Throw 1 of 2,1,0,205
0022400408,290,PT02M39.00S,2,1610612747,LAL,1630559,Reaves,A. Reaves,0,0,0,,0,42,49,91,v,Reaves Free Throw 2 of 2 (10 PTS),Free Throw,Free Throw 2 of 2,1,0,206
0022400408,292,PT02M22.00S,2,1610612744,GSW,201939,Curry,S. Curry,28,17,3,Made,1,44,49,93,h,Curry 3' Driving Layup (10 PTS),Made Shot,Driving Layup Shot,1,2,207
0022400408,293,PT02M12.00S,2,1610612747,LAL,2544,James,L. James,-34,19,4,Made,1,44,51,95,v,L. James 4' Layup (15 PTS) (Reaves 6 AST),Made Shot,Layup Shot,1,2,208
0022400408,295,PT02M03.00S,2,1610612747,LAL,1631108,Christie,M. Christie,0,0,0,,0,,,0,v,Christie S.FOUL (P1.T4) (J.Butler),Foul,Shooting,1,0,209
0022400408,297,PT02M03.00S,2,1610612744,GSW,1631218,Jackson-Davis,T. Jackson-Davis,0,0,0,,0,,,0,h,MISS Jackson-Davis Free Throw 1 of 2,Free Throw,Free Throw 1 of 2,1,0,210
0022400408,298,PT02M03.00S,2,0,,1610612744,,,0,0,0,,0,,,0,h,WARRIORS Rebound,Rebound,Normal Rebound,0,0,211
0022400408,299,PT02M03.00S,2,1610612744,GSW,1631218,Jackson-Davis,T. Jackson-Davis,0,0,0,,0,,,0,h,MISS Jackson-Davis Free Throw 2 of 2,Free Throw,Free Throw 2 of 2,1,0,212
0022400408,300,PT02M01.00S,2,1610612747,LAL,1642261,Knecht,D. Knecht,0,0,0,,0,,,0,v,Knecht REBOUND (Off:2 Def:3),Rebound,Unknown,1,0,213
0022400408,302,PT01M47.00S,2,1610612744,GSW,203952,Wiggins,A. Wiggins,0,0,0,,0,,,0,h,Wiggins P.FOUL (P1.PN) (S.Foster),Foul,Personal,1,0,214
0022400408,304,PT01M47.00S,2,1610612747,LAL,2544,James,L. James,0,0,0,,0,44,52,96,v,L. James Free Throw 1 of 2 (16 PTS),Free Throw,Free Throw 1 of 2,1,0,215
0022400408,305,PT01M47.00S,2,1610612747,LAL,2544,James,L. James,0,0,0,,0,44,53,97,v,L. James Free Throw 2 of 2 (17 PTS),Free Throw,Free Throw 2 of 2,0,0,216
0022400408,306,PT01M38.00S,2,1610612744,GSW,201939,Curry,S. Curry,130,254,29,Made,1,47,53,100,h,Curry 29' 3PT Pullup Jump Shot (13 PTS),Made Shot,Pullup Jump shot,1,3,217
0022400408,307,PT01M18.00S,2,1610612747,LAL,2544,James,L. James,-42,183,19,Made,1,47,55,102,v,L. James 19' Jump Shot (19 PTS),Made Shot,Jump Shot,1,2,218
0022400408,309,PT01M06.00S,2,1610612744,GSW,201939,Curry,S. Curry,130,231,27,Made,1,50,55,105,h,Curry 27' 3PT Step Back Jump Shot (16 PTS),Made Shot,Step Back Jump shot,1,3,219
0022400408,310,PT00M56.40S,2,1610612747,LAL,2544,James,L. James,37,293,30,Missed,1,,,0,v,MISS L. James 30' 3PT Jump Shot,Missed Shot,Jump Shot,1,3,220
0022400408,311,PT00M53.90S,2,1610612744,GSW,1641764,Podziemski,B. Podziemski,0,0,0,,0,,,0,h,Podziemski REBOUND (Off:0 Def:2),Rebound,Unknown,1,0,221
0022400408,312,PT00M48.70S,2,1610612744,GSW,1631218,Jackson-Davis,T. Jackson-Davis,-4,13,1,Made,1,52,55,107,h,Jackson-Davis 1' Running Dunk (7 PTS) (Curry 4 AST),Made Shot,Running Dunk Shot,1,2,222
0022400408,314,PT00M32.40S,2,1610612747,LAL,2544,James,L. James,152,122,19,Missed,1,,,0,v,MISS L. James 19' Step Back Jump Shot,Missed Shot,Step Back Jump shot,1,2,223
0022400408,315,PT00M29.40S,2,1610612744,GSW,1641764,Podziemski,B. Podziemski,0,0,0,,0,,,0,h,Podziemski REBOUND (Off:0 Def:3),Rebound,Unknown,1,0,224
0022400408,316,PT00M19.80S,2,1610612744,GSW,201939,Curry,S. Curry,88,262,28,Missed,1,,,0,h,MISS Curry 28' 3PT Pullup Jump Shot,Missed Shot,Pullup Jump shot,1,3,225
0022400408,317,PT00M16.90S,2,1610612747,LAL,2544,James,L. James,0,0,0,,0,,,0,v,L. James REBOUND (Off:0 Def:3),Rebound,Unknown,1,0,226
0022400408,318,PT00M02.30S,2,1610612747,LAL,1631108,Christie,M. Christie,189,199,27,Missed,1,,,0,v,MISS Christie 27' 3PT Jump Shot,Missed Shot,Jump Shot,1,3,227
0022400408,319,PT00M00.10S,2,0,,1610612747,,,0,0,0,,0,,,0,v,Lakers Rebound,Rebound,Unknown,1,0,228
0022400408,320,PT00M00.00S,2,0,,0,,,0,0,0,,0,52,55,107,,End of 2nd Period (9:02 PM EST),period,end,1,0,229
0022400408,325,PT12M00.00S,3,0,,0,,,0,0,0,,0,52,55,107,,Start of 3rd Period (9:20 PM EST),period,start,0,0,230
0022400408,326,PT11M37.00S,3,1610612744,GSW,203952,Wiggins,A. Wiggins,102,58,12,Missed,1,,,0,h,MISS Wiggins 12' Turnaround Jump Shot,Missed Shot,Turnaround Jump Shot,1,2,231
0022400408,327,PT11M34.00S,3,1610612747,LAL,1630559,Reaves,A. Reaves,0,0,0,,0,,,0,v,Reaves REBOUND (Off:1 Def:3),Rebound,Unknown,1,0,232
0022400408,328,PT11M32.00S,3,1610612747,LAL,1631108,Christie,M. Christie,34,21,4,Made,1,52,57,109,v,Christie 4' Running Dunk (7 PTS) (L. James 4 AST),Made Shot,Running Dunk Shot,1,2,233
0022400408,330,PT11M19.00S,3,1610612744,GSW,201939,Curry,S. Curry,-16,166,17,Missed,1,,,0,h,MISS Curry 17' Pullup Jump Shot,Missed Shot,Pullup Jump shot,1,2,234
0022400408,331,PT11M16.00S,3,1610612747,LAL,1630559,Reaves,A. Reaves,0,0,0,,0,,,0,v,Reaves REBOUND (Off:1 Def:4),Rebound,Unknown,1,0,235
0022400408,332,PT11M08.00S,3,1610612747,LAL,1630559,Reaves,A. Reaves,127,218,25,Missed,1,,,0,v,MISS Reaves 25' 3PT Running Pull-Up Jump Shot,Missed Shot,Running Pull-Up Jump Shot,1,3,236
0022400408,333,PT11M08.00S,3,0,,1610612744,,,0,0,0,,0,,,0,h,WARRIORS Rebound,Rebound,Unknown,0,0,237
0022400408,335,PT10M45.00S,3,1610612744,GSW,1631218,Jackson-Davis,T. Jackson-Davis,-42,21,5,Made,1,54,57,111,h,Jackson-Davis 5' Layup (9 PTS) (Schroder 2 AST),Made Shot,Layup Shot,1,2,238
0022400408,337,PT10M24.00S,3,1610612747,LAL,1629216,Vincent,G. Vincent,-38,186,19,Made,1,54,59,113,v,Vincent 19' Step Back Jump Shot (2 PTS) (Hachimura 1 AST),Made Shot,Step Back Jump shot,1,2,239
0022400408,339,PT09M58.00S,3,1610612744,GSW,1631218,Jackson-Davis,T. Jackson-Davis,0,0,0,,0,,,0,h,Jackson-Davis Lost Ball Turnover (P2.T7),Turnover,Lost Ball,1,0,240
0022400408,339,PT09M58.00S,3,1610612747,LAL,2544,James,L. James,0,0,0,,0,,,0,v,L. James STEAL (2 STL),,,1,0,241
0022400408,341,PT09M50.00S,3,1610612747,LAL,2544,James,L. James,-49,18,5,Made,1,54,61,115,v,L. James 5' Layup (21 PTS),Made Shot,Layup Shot,1,2,242
0022400408,342,PT09M42.00S,3,1610612747,LAL,1631108,Christie,M. Christie,0,0,0,,0,,,0,v,Christie S.FOUL (P2.T1) (S.Foster),Foul,Shooting,1,0,243
0022400408,344,PT09M42.00S,3,1610612744,GSW,201939,Curry,S. Curry,0,0,0,,0,55,61,116,h,Curry Free Throw 1 of 2 (17 PTS),Free Throw,Free Throw 1 of 2,1,0,244
0022400408,345,PT09M42.00S,3,1610612744,GSW,201939,Curry,S. Curry,0,0,0,,0,56,61,117,h,Curry Free Throw 2 of 2 (18 PTS),Free Throw,Free Throw 2 of 2,1,0,245
0022400408,346,PT09M25.00S,3,1610612747,LAL,1629216,Vincent,G. Vincent,140,231,27,Missed,1,,,0,v,MISS Vincent 27' 3PT Jump Shot,Missed Shot,Jump Shot,1,3,246
0022400408,347,PT09M22.00S,3,1610612744,GSW,203952,Wiggins,A. Wiggins,0,0,0,,0,,,0,h,Wiggins REBOUND (Off:1 Def:3),Rebound,Unknown,1,0,247
0022400408,348,PT09M15.00S,3,1610612744,GSW,203952,Wiggins,A. Wiggins,5,40,4,Made,1,58,61,119,h,Wiggins 4' Driving Finger Roll Layup (16 PTS),Made Shot,Driving Finger Roll Layup Shot,1,2,248
0022400408,349,PT08M49.00S,3,1610612747,LAL,1629060,Hachimura,R. Hachimura,-230,8,0,Made,1,58,64,122,v,Hachimura 3PT Jump Shot (9 PTS) (Christie 1 AST),Made Shot,Jump Shot,1,3,249
0022400408,351,PT08M38.00S,3,1610612744,GSW,203952,Wiggins,A. Wiggins,-194,188,27,Made,1,61,64,125,h,Wiggins 27' 3PT Jump Shot (19 PTS) (Jackson-Davis 4 AST),Made Shot,Jump Shot,1,3,250
0022400408,353,PT08M21.00S,3,1610612747,LAL,1631108,Christie,M. Christie,-229,-9,0,Made,1,61,67,128,v,Christie 3PT Jump Shot (10 PTS) (Vincent 2 AST),Made Shot,Jump Shot,1,3,251
0022400408,355,PT08M03.00S,3,1610612744,GSW,203110,Green,D. Green,234,29,24,Made,1,64,67,131,h,Green 24' 3PT Jump Shot (3 PTS) (Schroder 3 AST),Made Shot,Jump Shot,1,3,252
0022400408,357,PT07M51.00S,3,1610612747,LAL,1631108,Christie,M. Christie,-229,4,0,Missed,1,,,0,v,MISS Christie 3PT Jump Shot,Missed Shot,Jump Shot,1,3,253
0022400408,358,PT07M46.00S,3,1610612744,GSW,203110,Green,D. Green,0,0,0,,0,,,0,h,Green REBOUND (Off:1 Def:2),Rebound,Unknown,1,0,254
0022400408,359,PT07M39.00S,3,1610612744,GSW,203952,Wiggins,A. Wiggins,-150,208,26,Missed,1,,,0,h,MISS Wiggins 26' 3PT Pullup Jump Shot,Missed Shot,Pullup Jump shot,1,3,255
0022400408,360,PT07M36.00S,3,1610612747,LAL,1631108,Christie,M. Christie,0,0,0,,0,,,0,v,Christie REBOUND (Off:0 Def:3),Rebound,Unknown,1,0,256
0022400408,361,PT07M30.00S,3,1610612747,LAL,2544,James,L. James,21,270,27,Missed,1,,,0,v,MISS L. James 27' 3PT Pullup Jump Shot,Missed Shot,Pullup Jump shot,1,3,257
0022400408,362,PT07M26.00S,3,1610612744,GSW,203952,Wiggins,A. Wiggins,0,0,0,,0,,,0,h,Wiggins REBOUND (Off:1 Def:4),Rebound,Unknown,1,0,258
0022400408,363,PT07M16.00S,3,1610612744,GSW,201939,Curry,S. Curry,218,163,27,Made,1,67,67,134,h,Curry 27' 3PT Pullup Jump Shot (21 PTS) (Wiggins 1 AST),Made Shot,Pullup Jump shot,1,3,259
0022400408,365,PT07M13.00S,3,0,,1610612747,,,0,0,0,,0,,,0,v,Lakers Timeout: Regular (Reg.3 Short 0),Timeout,Regular,0,0,260
0022400408,367,PT07M13.00S,3,1610612744,GSW,1631218,Jackson-Davis,T. Jackson-Davis,0,0,0,,0,,,0,h,SUB: Hield FOR Jackson-Davis,Substitution,,0,0,261
0022400408,368,PT07M13.00S,3,1610612744,GSW,203471,Schröder,D. Schröder,0,0,0,,0,,,0,h,SUB: Kuminga FOR Schroder,Substitution,,0,0,262
0022400408,371,PT06M50.00S,3,1610612747,LAL,1629216,Vincent,G. Vincent,238,5,24,Made,1,67,70,137,v,Vincent 24' 3PT Jump Shot (5 PTS) (L. James 5 AST),Made Shot,Jump Shot,1,3,263
0022400408,374,PT06M29.00S,3,1610612744,GSW,1630228,Kuminga,J. Kuminga,-232,63,24,Missed,1,,,0,h,MISS Kuminga 24' 3PT Jump Shot,Missed Shot,Jump Shot,1,3,264
0022400408,375,PT06M26.00S,3,1610612747,LAL,1630559,Reaves,A. Reaves,0,0,0,,0,,,0,v,Reaves REBOUND (Off:1 Def:5),Rebound,Unknown,1,0,265
0022400408,377,PT06M21.00S,3,1610612747,LAL,1629060,Hachimura,R. Hachimura,26,34,4,Missed,1,,,0,v,MISS Hachimura 4' Driving Layup,Missed Shot,Driving Layup Shot,1,2,266
0022400408,377,PT06M21.00S,3,1610612744,GSW,1627741,Hield,B. Hield,0,0,0,,0,,,0,h,Hield BLOCK (1 BLK),,,1,2,267
0022400408,379,PT06M21.00S,3,0,,1610612747,,,0,0,0,,0,,,0,v,Lakers Rebound,Rebound,Unknown,0,0,268
0022400408,381,PT06M12.00S,3,1610612744,GSW,1630228,Kuminga,J. Kuminga,0,0,0,,0,,,0,h,Kuminga P.FOUL (P1.T1) (S.Foster),Foul,Personal,1,0,269
0022400408,383,PT06M05.00S,3,1610612747,LAL,1629216,Vincent,G. Vincent,-228,8,0,Missed,1,,,0,v,MISS Vincent 3PT Jump Shot,Missed Shot,Jump Shot,1,3,270
0022400408,384,PT06M02.00S,3,1610612744,GSW,203110,Green,D. Green,0,0,0,,0,,,0,h,Green REBOUND (Off:1 Def:3),Rebound,Unknown,1,0,271
0022400408,385,PT05M46.00S,3,1610612744,GSW,1630228,Kuminga,J. Kuminga,38,13,4,Made,1,69,70,139,h,Kuminga 4' Driving Layup (4 PTS),Made Shot,Driving Layup Shot,1,2,272
0022400408,386,PT05M37.00S,3,1610612747,LAL,1630559,Reaves,A. Reaves,103,79,13,Missed,1,,,0,v,MISS Reaves 13' Driving Floating Jump Shot,Missed Shot,Driving Floating Jump Shot,1,2,273
0022400408,387,PT05M34.00S,3,1610612744,GSW,203110,Green,D. Green,0,0,0,,0,,,0,h,Green REBOUND (Off:1 Def:4),Rebound,Unknown,1,0,274
0022400408,388,PT05M23.00S,3,1610612744,GSW,203110,Green,D. Green,7,47,5,Missed,1,,,0,h,MISS Green 5' Floating Jump Shot,Missed Shot,Floating Jump shot,1,2,275
0022400408,389,PT05M21.00S,3,1610612747,LAL,1630559,Reaves,A. Reaves,0,0,0,,0,,,0,v,Reaves REBOUND (Off:1 Def:6),Rebound,Unknown,1,0,276
0022400408,390,PT05M18.00S,3,1610612747,LAL,2544,James,L. James,-26,33,4,Made,1,69,72,141,v,L. James 4' Running Layup (23 PTS) (Reaves 7 AST),Made Shot,Running Layup Shot,1,2,277
0022400408,392,PT05M18.00S,3,1610612744,GSW,1627741,Hield,B. Hield,0,0,0,,0,,,0,h,Hield S.FOUL (P2.T2) (J.Butler),Foul,Shooting,1,0,278
0022400408,394,PT05M18.00S,3,1610612747,LAL,1629216,Vincent,G. Vincent,0,0,0,,0,,,0,v,SUB: Reddish FOR Vincent,Substitution,,0,0,279
0022400408,396,PT05M18.00S,3,1610612747,LAL,2544,James,L. James,0,0,0,,0,69,73,142,v,L. James Free Throw 1 of 1 (24 PTS),Free Throw,Free Throw 1 of 1,1,0,280
0022400408,397,PT05M04.00S,3,1610612744,GSW,203952,Wiggins,A. Wiggins,212,163,27,Missed,1,,,0,h,MISS Wiggins 27' 3PT Jump Shot,Missed Shot,Jump Shot,1,3,281
0022400408,398,PT05M01.00S,3,1610612747,LAL,1630559,Reaves,A. Reaves,0,0,0,,0,,,0,v,Reaves REBOUND (Off:1 Def:7),Rebound,Unknown,1,0,282
0022400408,399,PT04M50.00S,3,1610612747,LAL,2544,James,L. James,-37,105,11,Made,1,69,75,144,v,L. James 11' Fadeaway Jumper (26 PTS),Made Shot,Fadeaway Jump Shot,1,2,283
0022400408,400,PT04M31.00S,3,1610612744,GSW,201939,Curry,S. Curry,0,0,0,,0,,,0,h,Curry Out of Bounds Lost Ball Turnover (P3.T8),Turnover,Out of Bounds Lost Ball Turnover,1,0,284
0022400408,401,PT04M31.00S,3,1610612744,GSW,203110,Green,D. Green,0,0,0,,0,,,0,h,SUB: Jackson-Davis FOR Green,Substitution,,0,0,285
0022400408,402,PT04M31.00S,3,1610612747,LAL,2544,James,L. James,0,0,0,,0,,,0,v,SUB: Knecht FOR L. James,Substitution,,0,0,286
0022400408,405,PT04M19.00S,3,1610612747,LAL,1629629,Reddish,C. Reddish,-238,33,24,Missed,1,,,0,v,MISS Reddish 24' 3PT Jump Shot,Missed Shot,Jump Shot,1,3,287
0022400408,406,PT04M17.00S,3,0,,1610612744,,,0,0,0,,0,,,0,h,WARRIORS Rebound,Rebound,Unknown,0,0,288
0022400408,408,PT04M05.00S,3,1610612744,GSW,1627741,Hield,B. Hield,173,213,27,Missed,1,,,0,h,MISS Hield 27' 3PT Jump Shot,Missed Shot,Jump Shot,1,3,289
0022400408,409,PT04M02.00S,3,1610612747,LAL,1642261,Knecht,D. Knecht,0,0,0,,0,,,0,v,Knecht REBOUND (Off:2 Def:4),Rebound,Unknown,1,0,290
0022400408,410,PT03M51.00S,3,1610612747,LAL,1629060,Hachimura,R. Hachimura,34,265,27,Made,1,69,78,147,v,Hachimura 27' 3PT Jump Shot (12 PTS) (Reaves 8 AST),Made Shot,Jump Shot,1,3,291
0022400408,412,PT03M50.00S,3,0,,1610612744,,,0,0,0,,0,,,0,h,WARRIORS Timeout: Regular (Full 3 Short 0),Timeout,Regular,0,0,292
0022400408,413,PT03M50.00S,3,1610612744,GSW,203952,Wiggins,A. Wiggins,0,0,0,,0,,,0,h,SUB: Podziemski FOR Wiggins,Substitution,,0,0,293
0022400408,414,PT03M50.00S,3,1610612744,GSW,201939,Curry,S. Curry,0,0,0,,0,,,0,h,SUB: Schroder FOR Curry,Substitution,,0,0,294
0022400408,418,PT03M38.00S,3,1610612744,GSW,203471,Schröder,D. Schröder,37,26,5,Missed,1,,,0,h,MISS Schroder 5' Driving Layup,Missed Shot,Driving Layup Shot,1,2,295
0022400408,419,PT03M34.00S,3,1610612744,GSW,1631218,Jackson-Davis,T. Jackson-Davis,0,0,0,,0,,,0,h,Jackson-Davis REBOUND (Off:3 Def:4),Rebound,Unknown,1,0,296
0022400408,420,PT03M34.00S,3,1610612744,GSW,1631218,Jackson-Davis,T. Jackson-Davis,0,0,0,Made,1,71,78,149,h,Jackson-Davis Tip Dunk Shot (11 PTS),Made Shot,Tip Dunk Shot,1,2,297
0022400408,421,PT03M17.00S,3,1610612747,LAL,1630559,Reaves,A. Reaves,-23,102,10,Missed,1,,,0,v,MISS Reaves 10' Driving Floating Jump Shot,Missed Shot,Driving Floating Jump Shot,1,2,298
0022400408,422,PT03M15.00S,3,1610612747,LAL,1630559,Reaves,A. Reaves,0,0,0,,0,,,0,v,Reaves REBOUND (Off:2 Def:7),Rebound,Unknown,1,0,299
0022400408,423,PT03M15.00S,3,1610612747,LAL,1629629,Reddish,C. Reddish,0,0,0,,0,,,0,v,Reddish Out of Bounds Lost Ball Turnover (P1.T3),Turnover,Out of Bounds Lost Ball Turnover,1,0,300
0022400408,424,PT02M52.00S,3,1610612744,GSW,1630228,Kuminga,J. Kuminga,-51,31,6,Made,1,73,78,151,h,Kuminga 6' Jump Bank Shot (6 PTS),Made Shot,Jump Bank Shot,1,2,301
0022400408,425,PT02M40.00S,3,1610612747,LAL,1630559,Reaves,A. Reaves,-186,184,26,Made,1,73,81,154,v,Reaves 26' 3PT Jump Shot (13 PTS) (Christie 2 AST),Made Shot,Jump Shot,1,3,302
0022400408,427,PT02M21.00S,3,1610612744,GSW,1630228,Kuminga,J. Kuminga,0,0,0,,0,,,0,h,Kuminga Out of Bounds - Bad Pass Turnover Turnover (P1.T9),Turnover,Out of Bounds - Bad Pass Turnover,1,0,303
0022400408,428,PT02M21.00S,3,1610612747,LAL,1631108,Christie,M. Christie,0,0,0,,0,,,0,v,SUB: Koloko FOR Christie,Substitution,,0,0,304
0022400408,429,PT02M21.00S,3,1610612747,LAL,1629060,Hachimura,R. Hachimura,0,0,0,,0,,,0,v,SUB: Vincent FOR Hachimura,Substitution,,0,0,305
0022400408,432,PT02M10.00S,3,1610612747,LAL,1630559,Reaves,A. Reaves,163,202,26,Made,1,73,84,157,v,Reaves 26' 3PT Step Back Jump Shot (16 PTS) (Knecht 2 AST),Made Shot,Step Back Jump shot,1,3,306
0022400408,434,PT01M52.00S,3,1610612744,GSW,203471,Schröder,D. Schröder,31,272,27,Missed,1,,,0,h,MISS Schroder 27' 3PT Jump Shot,Missed Shot,Jump Shot,1,3,307
0022400408,435,PT01M49.00S,3,1610612747,LAL,1630559,Reaves,A. Reaves,0,0,0,,0,,,0,v,Reaves REBOUND (Off:2 Def:8),Rebound,Unknown,1,0,308
0022400408,436,PT01M42.00S,3,1610612747,LAL,1629216,Vincent,G. Vincent,-183,207,28,Missed,1,,,0,v,MISS Vincent 28' 3PT Jump Shot,Missed Shot,Jump Shot,1,3,309
0022400408,437,PT01M39.00S,3,1610612747,LAL,1631132,Koloko,C. Koloko,0,0,0,,0,,,0,v,Koloko REBOUND (Off:4 Def:2),Rebound,Unknown,1,0,310
0022400408,438,PT01M35.00S,3,1610612747,LAL,1631132,Koloko,C. Koloko,0,0,0,,0,,,0,v,Koloko Backcourt Turnover (P1.T4),Turnover,Backcourt Turnover,1,0,311
0022400408,439,PT01M35.00S,3,1610612747,LAL,1630559,Reaves,A. Reaves,0,0,0,,0,,,0,v,SUB: L. James FOR Reaves,Substitution,,0,0,312
0022400408,441,PT01M27.00S,3,1610612744,GSW,1627741,Hield,B. Hield,78,252,26,Made,1,76,84,160,h,Hield 26' 3PT Jump Shot (5 PTS) (Schroder 4 AST),Made Shot,Jump Shot,1,3,313
0022400408,443,PT01M03.00S,3,1610612747,LAL,2544,James,L. James,0,0,0,,0,,,0,v,L. James OFF.Foul (P1) (S.Foster),Foul,Offensive,1,0,314
0022400408,445,PT01M03.00S,3,1610612747,LAL,2544,James,L. James,0,0,0,,0,,,0,v,L. James Offensive Foul Turnover (P1.T5),Turnover,Offensive Foul Turnover,1,0,315
0022400408,446,PT00M39.10S,3,1610612744,GSW,1631218,Jackson-Davis,T. Jackson-Davis,12,64,7,Missed,1,,,0,h,MISS Jackson-Davis 7' Driving Floating Bank Jump Shot,Missed Shot,Driving Floating Bank Jump Shot,1,2,316
0022400408,447,PT00M39.10S,3,0,,1610612744,,,0,0,0,,0,,,0,h,WARRIORS Rebound,Rebound,Unknown,0,0,317
0022400408,448,PT00M39.10S,3,0,,1610612744,,,0,0,0,,0,,,0,h,WARRIORS Turnover: Shot Clock (T#10),Turnover,Shot Clock Turnover,1,0,318
0022400408,449,PT00M19.90S,3,1610612747,LAL,1642261,Knecht,D. Knecht,157,227,28,Missed,1,,,0,v,MISS Knecht 28' 3PT Jump Shot,Missed Shot,Jump Shot,1,3,319
0022400408,450,PT00M16.80S,3,1610612744,GSW,1630228,Kuminga,J. Kuminga,0,0,0,,0,,,0,h,Kuminga REBOUND (Off:0 Def:5),Rebound,Unknown,1,0,320
0022400408,451,PT00M03.40S,3,1610612744,GSW,1627741,Hield,B. Hield,-151,211,26,Missed,1,,,0,h,MISS Hield 26' 3PT Jump Shot,Missed Shot,Jump Shot,1,3,321
0022400408,452,PT00M00.60S,3,0,,1610612747,,,0,0,0,,0,,,0,v,Lakers Rebound,Rebound,Unknown,0,0,322
0022400408,454,PT00M00.00S,3,0,,0,,,0,0,0,,0,76,84,160,,End of 3rd Period (9:45 PM EST),period,end,1,0,323
0022400408,463,PT12M00.00S,4,0,,0,,,0,0,0,,0,76,84,160,,Start of 4th Period (9:49 PM EST),period,start,0,0,324
0022400408,464,PT11M43.00S,4,1610612747,LAL,1629629,Reddish,C. Reddish,-17,15,2,Made,1,76,86,162,v,Reddish 2' Cutting Layup Shot (4 PTS) (L. James 6 AST),Made Shot,Cutting Layup Shot,1,2,325
0022400408,467,PT11M27.00S,4,1610612747,LAL,2544,James,L. James,0,0,0,,0,,,0,v,L. James P.FOUL (P2.T1) (J.Butler),Foul,Personal,1,0,326
0022400408,469,PT11M18.00S,4,1610612744,GSW,201939,Curry,S. Curry,103,61,12,Made,1,78,86,164,h,Curry 12' Driving Floating Bank Jump Shot (23 PTS),Made Shot,Driving Floating Bank Jump Shot,1,2,327
0022400408,470,PT10M56.00S,4,1610612747,LAL,1642261,Knecht,D. Knecht,-44,91,10,Made,1,78,88,166,v,Knecht 10' Turnaround Fadeaway (13 PTS) (L. James 7 AST),Made Shot,Turnaround Fadeaway shot,1,2,328
0022400408,472,PT10M32.00S,4,1610612747,LAL,1629060,Hachimura,R. Hachimura,0,0,0,,0,,,0,v,Hachimura S.FOUL (P3.T2) (J.Butler),Foul,Shooting,1,0,329
0022400408,474,PT10M32.00S,4,1610612744,GSW,1630228,Kuminga,J. Kuminga,0,0,0,,0,,,0,h,MISS Kuminga Free Throw 1 of 2,Free Throw,Free Throw 1 of 2,1,0,330
0022400408,475,PT10M32.00S,4,0,,1610612744,,,0,0,0,,0,,,0,h,WARRIORS Rebound,Rebound,Normal Rebound,0,0,331
0022400408,476,PT10M32.00S,4,1610612744,GSW,1630228,Kuminga,J. Kuminga,0,0,0,,0,79,88,167,h,Kuminga Free Throw 2 of 2 (7 PTS),Free Throw,Free Throw 2 of 2,1,0,332
0022400408,477,PT10M32.00S,4,1610612744,GSW,203110,Green,D. Green,0,0,0,,0,,,0,h,Green L.B.FOUL (P4.T1) (S.Foster),Foul,Loose Ball,1,0,333
0022400408,479,PT10M10.00S,4,1610612747,LAL,2544,James,L. James,33,25,4,Missed,1,,,0,v,MISS L. James 4' Driving Layup,Missed Shot,Driving Layup Shot,1,2,334
0022400408,480,PT10M09.00S,4,1610612744,GSW,1627780,Payton II,G. Payton II,0,0,0,,0,,,0,h,Payton II REBOUND (Off:0 Def:1),Rebound,Unknown,1,0,335
0022400408,481,PT10M06.00S,4,1610612747,LAL,1629629,Reddish,C. Reddish,0,0,0,,0,,,0,v,Reddish S.FOUL (P2.T3) (J.Van Duyne),Foul,Shooting,1,0,336
0022400408,483,PT10M06.00S,4,1610612744,GSW,1630228,Kuminga,J. Kuminga,0,0,0,,0,80,88,168,h,Kuminga Free Throw 1 of 2 (8 PTS),Free Throw,Free Throw 1 of 2,1,0,337
0022400408,484,PT10M06.00S,4,1610612744,GSW,1630228,Kuminga,J. Kuminga,0,0,0,,0,81,88,169,h,Kuminga Free Throw 2 of 2 (9 PTS),Free Throw,Free Throw 2 of 2,1,0,338
0022400408,485,PT09M44.00S,4,1610612747,LAL,2544,James,L. James,-47,34,6,Missed,1,,,0,v,MISS L. James 6' Jump Shot,Missed Shot,Jump Shot,1,2,339
0022400408,485,PT09M44.00S,4,1610612744,GSW,203110,Green,D. Green,0,0,0,,0,,,0,h,Green BLOCK (3 BLK),,,1,2,340
0022400408,487,PT09M41.00S,4,1610612744,GSW,203110,Green,D. Green,0,0,0,,0,,,0,h,Green REBOUND (Off:1 Def:5),Rebound,Unknown,1,0,341
0022400408,488,PT09M32.00S,4,1610612744,GSW,1627780,Payton II,G. Payton II,-26,9,3,Made,1,83,88,171,h,Payton II 3' Driving Layup (4 PTS) (Curry 5 AST),Made Shot,Driving Layup Shot,1,2,342
0022400408,490,PT09M27.00S,4,0,,1610612747,,,0,0,0,,0,,,0,v,Lakers Timeout: Regular (Reg.4 Short 0),Timeout,Regular,0,0,343
0022400408,491,PT09M27.00S,4,1610612744,GSW,1627780,Payton II,G. Payton II,0,0,0,,0,,,0,h,SUB: Wiggins FOR Payton II,Substitution,,0,0,344
0022400408,492,PT09M27.00S,4,1610612747,LAL,1629216,Vincent,G. Vincent,0,0,0,,0,,,0,v,SUB: Reaves FOR Vincent,Substitution,,0,0,345
0022400408,495,PT09M17.00S,4,1610612747,LAL,2544,James,L. James,-31,47,6,Made,1,83,90,173,v,L. James 6' Cutting Layup Shot (28 PTS) (Reaves 9 AST),Made Shot,Cutting Layup Shot,1,2,346
0022400408,497,PT08M59.00S,4,1610612744,GSW,201939,Curry,S. Curry,-130,94,16,Made,1,85,90,175,h,Curry 16' Step Back Jump Shot (25 PTS),Made Shot,Step Back Jump shot,1,2,347
0022400408,498,PT08M41.00S,4,1610612747,LAL,1630559,Reaves,A. Reaves,81,248,26,Missed,1,,,0,v,MISS Reaves 26' 3PT Step Back Jump Shot,Missed Shot,Step Back Jump shot,1,3,348
0022400408,499,PT08M38.00S,4,1610612747,LAL,1629629,Reddish,C. Reddish,0,0,0,,0,,,0,v,Reddish REBOUND (Off:1 Def:0),Rebound,Unknown,1,0,349
0022400408,500,PT08M36.00S,4,1610612747,LAL,1642261,Knecht,D. Knecht,-174,199,26,Missed,1,,,0,v,MISS Knecht 26' 3PT Jump Shot,Missed Shot,Jump Shot,1,3,350
0022400408,501,PT08M33.00S,4,1610612747,LAL,1629060,Hachimura,R. Hachimura,0,0,0,,0,,,0,v,Hachimura REBOUND (Off:1 Def:2),Rebound,Unknown,1,0,351
0022400408,502,PT08M32.00S,4,1610612747,LAL,1629060,Hachimura,R. Hachimura,-102,256,28,Made,1,85,93,178,v,Hachimura 28' 3PT Jump Shot (15 PTS),Made Shot,Jump Shot,1,3,352
0022400408,503,PT08M16.00S,4,1610612744,GSW,201939,Curry,S. Curry,0,0,0,,0,,,0,h,Curry Offensive Charge Foul (P1) (S.Foster),Foul,Offensive Charge,1,0,353
0022400408,507,PT08M16.00S,4,1610612744,GSW,201939,Curry,S. Curry,0,0,0,,0,,,0,h,Curry Offensive Foul Turnover (P4.T11),Turnover,Offensive Foul Turnover,1,0,354
0022400408,505,PT08M16.00S,4,0,,1610612747,,,0,0,0,,0,,,0,v,Lakers Timeout: Regular (Reg.5 Short 0),Timeout,Regular,0,0,355
0022400408,506,PT08M16.00S,4,0,,503,,,0,0,0,,0,85,93,178,,Instant Replay4th Period (9:59 PM EST),Instant Replay,Coach Challenge Overturn Ruling,1,0,356
0022400408,509,PT08M16.00S,4,0,,1610612744,,,0,0,0,,0,,,0,h,WARRIORS Delay,Foul,Delay Technical,0,0,357
0022400408,510,PT08M16.00S,4,1610612747,LAL,1630559,Reaves,A. Reaves,0,0,0,,0,85,94,179,v,Reaves Free Throw Technical (17 PTS),Free Throw,Free Throw Technical,1,0,358
0022400408,511,PT08M04.00S,4,1610612747,LAL,1630559,Reaves,A. Reaves,0,0,0,,0,,,0,v,Reaves Out of Bounds - Bad Pass Turnover Turnover (P1.T6),Turnover,Out of Bounds - Bad Pass Turnover,1,0,359
0022400408,512,PT07M52.00S,4,1610612744,GSW,1641764,Podziemski,B. Podziemski,42,15,4,Missed,1,,,0,h,MISS Podziemski 4' Driving Reverse Layup,Missed Shot,Driving Reverse Layup Shot,1,2,360
0022400408,513,PT07M49.00S,4,1610612744,GSW,203110,Green,D. Green,0,0,0,,0,,,0,h,Green REBOUND (Off:2 Def:5),Rebound,Unknown,1,0,361
0022400408,514,PT07M48.00S,4,1610612744,GSW,1641764,Podziemski,B. Podziemski,224,32,0,Missed,1,,,0,h,MISS Podziemski 3PT Jump Shot,Missed Shot,Jump Shot,1,3,362
0022400408,515,PT07M48.00S,4,1610612744,GSW,203952,Wiggins,A. Wiggins,0,0,0,,0,,,0,h,Wiggins REBOUND (Off:2 Def:4),Rebound,Unknown,1,0,363
0022400408,516,PT07M43.00S,4,1610612744,GSW,1641764,Podziemski,B. Podziemski,181,183,26,Made,1,88,94,182,h,Podziemski 26' 3PT Jump Shot (6 PTS) (Wiggins 2 AST),Made Shot,Jump Shot,1,3,364
0022400408,518,PT07M32.00S,4,1610612747,LAL,1629060,Hachimura,R. Hachimura,-38,20,4,Made,1,88,96,184,v,Hachimura 4' Layup (17 PTS) (L. James 8 AST),Made Shot,Layup Shot,1,2,365
0022400408,520,PT07M32.00S,4,1610612744,GSW,201939,Curry,S. Curry,0,0,0,,0,,,0,h,Curry S.FOUL (P2.T2) (J.Van Duyne),Foul,Shooting,1,0,366
0022400408,522,PT07M32.00S,4,1610612747,LAL,2544,James,L. James,0,0,0,,0,,,0,v,SUB: Christie FOR L. James,Substitution,,0,0,367
0022400408,524,PT07M32.00S,4,1610612747,LAL,1629060,Hachimura,R. Hachimura,0,0,0,,0,88,97,185,v,Hachimura Free Throw 1 of 1 (18 PTS),Free Throw,Free Throw 1 of 1,1,0,368
0022400408,525,PT07M18.00S,4,1610612744,GSW,1630228,Kuminga,J. Kuminga,-230,5,0,Missed,1,,,0,h,MISS Kuminga 3PT Jump Shot,Missed Shot,Jump Shot,1,3,369
0022400408,526,PT07M15.00S,4,1610612747,LAL,1642261,Knecht,D. Knecht,0,0,0,,0,,,0,v,Knecht REBOUND (Off:2 Def:5),Rebound,Unknown,1,0,370
0022400408,527,PT06M54.00S,4,1610612747,LAL,1630559,Reaves,A. Reaves,0,0,0,,0,,,0,v,Reaves Bad Pass Turnover (P2.T7),Turnover,Bad Pass,1,0,371
0022400408,527,PT06M54.00S,4,1610612744,GSW,1630228,Kuminga,J. Kuminga,0,0,0,,0,,,0,h,Kuminga STEAL (1 STL),,,1,0,372
0022400408,529,PT06M52.00S,4,1610612747,LAL,1629060,Hachimura,R. Hachimura,0,0,0,,0,,,0,v,Hachimura S.FOUL (P4.T4) (J.Van Duyne),Foul,Shooting,1,0,373
0022400408,531,PT06M52.00S,4,1610612744,GSW,1630228,Kuminga,J. Kuminga,0,0,0,,0,89,97,186,h,Kuminga Free Throw 1 of 2 (10 PTS),Free Throw,Free Throw 1 of 2,1,0,374
0022400408,536,PT06M52.00S,4,1610612744,GSW,1630228,Kuminga,J. Kuminga,0,0,0,,0,90,97,187,h,Kuminga Free Throw 2 of 2 (11 PTS),Free Throw,Free Throw 2 of 2,0,0,375
0022400408,532,PT06M52.00S,4,1610612744,GSW,201939,Curry,S. Curry,0,0,0,,0,,,0,h,SUB: Schroder FOR Curry,Substitution,,0,0,376
0022400408,533,PT06M52.00S,4,1610612747,LAL,1642261,Knecht,D. Knecht,0,0,0,,0,,,0,v,SUB: Vincent FOR Knecht,Substitution,,0,0,377
0022400408,537,PT06M32.00S,4,1610612747,LAL,1631108,Christie,M. Christie,-37,23,4,Missed,1,,,0,v,MISS Christie 4' Driving Layup,Missed Shot,Driving Layup Shot,1,2,378
0022400408,537,PT06M32.00S,4,1610612744,GSW,203110,Green,D. Green,0,0,0,,0,,,0,h,Green BLOCK (4 BLK),,,1,2,379
0022400408,539,PT06M30.00S,4,1610612744,GSW,203110,Green,D. Green,0,0,0,,0,,,0,h,Green REBOUND (Off:2 Def:6),Rebound,Unknown,1,0,380
0022400408,540,PT06M29.00S,4,1610612744,GSW,1630228,Kuminga,J. Kuminga,-16,38,4,Missed,1,,,0,h,MISS Kuminga 4' Running Layup,Missed Shot,Running Layup Shot,1,2,381
0022400408,541,PT06M28.00S,4,1610612744,GSW,203952,Wiggins,A. Wiggins,0,0,0,,0,,,0,h,Wiggins REBOUND (Off:3 Def:4),Rebound,Unknown,1,0,382
0022400408,626,PT06M28.00S,4,1610612744,GSW,203952,Wiggins,A. Wiggins,-6,0,1,Missed,1,,,0,h,MISS Wiggins 1' Tip Layup Shot,Missed Shot,Tip Layup Shot,1,2,383
0022400408,627,PT06M27.00S,4,1610612744,GSW,203952,Wiggins,A. Wiggins,0,0,0,,0,,,0,h,Wiggins REBOUND (Off:4 Def:4),Rebound,Unknown,1,0,384
0022400408,542,PT06M27.00S,4,1610612744,GSW,203952,Wiggins,A. Wiggins,0,0,0,Missed,1,,,0,h,MISS Wiggins Tip Layup Shot,Missed Shot,Tip Layup Shot,1,2,385
0022400408,543,PT06M26.00S,4,1610612747,LAL,1629060,Hachimura,R. Hachimura,0,0,0,,0,,,0,v,Hachimura REBOUND (Off:1 Def:3),Rebound,Unknown,1,0,386
0022400408,544,PT06M11.00S,4,1610612747,LAL,1629216,Vincent,G. Vincent,0,0,0,,0,,,0,v,Vincent OFF.Foul (P1) (J.Butler),Foul,Offensive,1,0,387
0022400408,546,PT06M11.00S,4,1610612747,LAL,1629216,Vincent,G. Vincent,0,0,0,,0,,,0,v,Vincent Offensive Foul Turnover (P1.T8),Turnover,Offensive Foul Turnover,1,0,388
0022400408,547,PT06M11.00S,4,0,,1610612744,,,0,0,0,,0,,,0,h,WARRIORS Timeout: Regular (Full 4 Short 0),Timeout,Regular,0,0,389
0022400408,549,PT06M11.00S,4,1610612747,LAL,1629629,Reddish,C. Reddish,0,0,0,,0,,,0,v,SUB: L. James FOR Reddish,Substitution,,0,0,390
0022400408,552,PT06M11.00S,4,1610612744,GSW,203110,Green,D. Green,0,0,0,,0,,,0,h,SUB: Jackson-Davis FOR Green,Substitution,,0,0,391
0022400408,553,PT06M01.00S,4,1610612747,LAL,2544,James,L. James,0,0,0,,0,,,0,v,L. James S.FOUL (P3.PN) (J.Butler),Foul,Shooting,1,0,392
0022400408,555,PT06M01.00S,4,1610612744,GSW,203952,Wiggins,A. Wiggins,0,0,0,,0,91,97,188,h,Wiggins Free Throw 1 of 2 (20 PTS),Free Throw,Free Throw 1 of 2,1,0,393
0022400408,556,PT06M01.00S,4,1610612744,GSW,203952,Wiggins,A. Wiggins,0,0,0,,0,92,97,189,h,Wiggins Free Throw 2 of 2 (21 PTS),Free Throw,Free Throw 2 of 2,1,0,394
0022400408,557,PT05M37.00S,4,1610612747,LAL,1629060,Hachimura,R. Hachimura,-5,130,13,Missed,1,,,0,v,MISS Hachimura 13' Turnaround Jump Shot,Missed Shot,Turnaround Jump Shot,1,2,395
0022400408,558,PT05M34.00S,4,1610612744,GSW,203952,Wiggins,A. Wiggins,0,0,0,,0,,,0,h,Wiggins REBOUND (Off:4 Def:5),Rebound,Unknown,1,0,396
0022400408,559,PT05M24.00S,4,1610612744,GSW,203471,Schröder,D. Schröder,0,0,0,,0,,,0,h,Schroder Offensive Charge Foul (P2) (J.Van Duyne),Foul,Offensive Charge,1,0,397
0022400408,561,PT05M24.00S,4,1610612744,GSW,203471,Schröder,D. Schröder,0,0,0,,0,,,0,h,Schroder Offensive Foul Turnover (P1.T12),Turnover,Offensive Foul Turnover,1,0,398
0022400408,562,PT05M08.00S,4,1610612747,LAL,1629060,Hachimura,R. Hachimura,-190,175,26,Missed,1,,,0,v,MISS Hachimura 26' 3PT Jump Shot,Missed Shot,Jump Shot,1,3,399
0022400408,563,PT05M05.00S,4,1610612744,GSW,1631218,Jackson-Davis,T. Jackson-Davis,0,0,0,,0,,,0,h,Jackson-Davis REBOUND (Off:3 Def:5),Rebound,Unknown,1,0,400
0022400408,564,PT04M58.00S,4,1610612747,LAL,1629216,Vincent,G. Vincent,0,0,0,,0,,,0,v,Vincent P.FOUL (P2.PN) (S.Foster),Foul,Personal,1,0,401
0022400408,566,PT04M58.00S,4,1610612744,GSW,203471,Schröder,D. Schröder,0,0,0,,0,93,97,190,h,Schroder Free Throw 1 of 2 (7 PTS),Free Throw,Free Throw 1 of 2,1,0,402
0022400408,567,PT04M58.00S,4,1610612744,GSW,1630228,Kuminga,J. Kuminga,0,0,0,,0,,,0,h,SUB: Green FOR Kuminga,Substitution,,0,0,403
0022400408,568,PT04M58.00S,4,1610612744,GSW,1641764,Podziemski,B. Podziemski,0,0,0,,0,,,0,h,SUB: Curry FOR Podziemski,Substitution,,0,0,404
0022400408,571,PT04M58.00S,4,1610612744,GSW,203471,Schröder,D. Schröder,0,0,0,,0,94,97,191,h,Schroder Free Throw 2 of 2 (8 PTS),Free Throw,Free Throw 2 of 2,1,0,405
0022400408,572,PT04M45.00S,4,1610612747,LAL,1630559,Reaves,A. Reaves,-175,214,28,Missed,1,,,0,v,MISS Reaves 28' 3PT Pullup Jump Shot,Missed Shot,Pullup Jump shot,1,3,406
0022400408,573,PT04M43.00S,4,1610612744,GSW,1631218,Jackson-Davis,T. Jackson-Davis,0,0,0,,0,,,0,h,Jackson-Davis REBOUND (Off:3 Def:6),Rebound,Unknown,1,0,407
0022400408,574,PT04M24.00S,4,1610612744,GSW,203952,Wiggins,A. Wiggins,39,37,5,Missed,1,,,0,h,MISS Wiggins 5' Floating Jump Shot,Missed Shot,Floating Jump shot,1,2,408
0022400408,574,PT04M24.00S,4,1610612747,LAL,1629060,Hachimura,R. Hachimura,0,0,0,,0,,,0,v,Hachimura BLOCK (1 BLK),,,1,2,409
0022400408,575,PT04M23.00S,4,1610612747,LAL,2544,James,L. James,0,0,0,,0,,,0,v,L. James REBOUND (Off:0 Def:4),Rebound,Unknown,1,0,410
0022400408,576,PT04M16.00S,4,1610612747,LAL,1630559,Reaves,A. Reaves,-176,210,27,Made,1,94,100,194,v,Reaves 27' 3PT Jump Shot (20 PTS) (Vincent 3 AST),Made Shot,Jump Shot,1,3,411
0022400408,578,PT03M55.00S,4,1610612744,GSW,201939,Curry,S. Curry,-28,22,4,Missed,1,,,0,h,MISS Curry 4' Driving Reverse Layup,Missed Shot,Driving Reverse Layup Shot,1,2,412
0022400408,579,PT03M52.00S,4,1610612747,LAL,1629216,Vincent,G. Vincent,0,0,0,,0,,,0,v,Vincent REBOUND (Off:0 Def:3),Rebound,Unknown,1,0,413
0022400408,580,PT03M48.00S,4,1610612747,LAL,1630559,Reaves,A. Reaves,12,81,8,Made,1,94,102,196,v,Reaves 8' Driving Floating Jump Shot (22 PTS) (L. James 9 AST),Made Shot,Driving Floating Jump Shot,1,2,414
0022400408,582,PT03M48.00S,4,0,,1610612744,,,0,0,0,,0,,,0,h,WARRIORS Timeout: Regular (Full 5 Short 0),Timeout,Regular,0,0,415
0022400408,583,PT03M48.00S,4,1610612744,GSW,1631218,Jackson-Davis,T. Jackson-Davis,0,0,0,,0,,,0,h,SUB: Kuminga FOR Jackson-Davis,Substitution,,0,0,416
0022400408,585,PT03M40.00S,4,1610612744,GSW,201939,Curry,S. Curry,-217,125,25,Missed,1,,,0,h,MISS Curry 25' 3PT Jump Shot,Missed Shot,Jump Shot,1,3,417
0022400408,586,PT03M40.00S,4,1610612744,GSW,203110,Green,D. Green,0,0,0,,0,,,0,h,Green REBOUND (Off:3 Def:6),Rebound,Unknown,1,0,418
0022400408,587,PT03M35.00S,4,1610612744,GSW,203110,Green,D. Green,0,0,0,,0,,,0,h,Green Out of Bounds - Bad Pass Turnover Turnover (P2.T13),Turnover,Out of Bounds - Bad Pass Turnover,1,0,419
0022400408,588,PT03M27.00S,4,1610612744,GSW,203471,Schröder,D. Schröder,0,0,0,,0,,,0,h,Schroder S.FOUL (P3.T3) (S.Foster),Foul,Shooting,1,0,420
0022400408,590,PT03M27.00S,4,1610612747,LAL,1631108,Christie,M. Christie,0,0,0,,0,94,103,197,v,Christie Free Throw 1 of 2 (11 PTS),Free Throw,Free Throw 1 of 2,1,0,421
0022400408,591,PT03M27.00S,4,1610612747,LAL,1631108,Christie,M. Christie,0,0,0,,0,94,104,198,v,Christie Free Throw 2 of 2 (12 PTS),Free Throw,Free Throw 2 of 2,1,0,422
0022400408,592,PT03M16.00S,4,1610612744,GSW,201939,Curry,S. Curry,53,52,7,Made,1,96,104,200,h,Curry 7' Driving Finger Roll Layup (27 PTS),Made Shot,Driving Finger Roll Layup Shot,1,2,423
0022400408,593,PT02M58.00S,4,1610612747,LAL,1630559,Reaves,A. Reaves,0,0,0,,0,,,0,v,Reaves Lost Ball Turnover (P3.T9),Turnover,Lost Ball,1,0,424
0022400408,593,PT02M58.00S,4,1610612744,GSW,203471,Schröder,D. Schröder,0,0,0,,0,,,0,h,Schroder STEAL (1 STL),,,1,0,425
0022400408,595,PT02M54.00S,4,1610612744,GSW,201939,Curry,S. Curry,-199,163,26,Missed,1,,,0,h,MISS Curry 26' 3PT Running Jump Shot,Missed Shot,Running Jump Shot,1,3,426
0022400408,596,PT02M50.00S,4,1610612744,GSW,203952,Wiggins,A. Wiggins,0,0,0,,0,,,0,h,Wiggins REBOUND (Off:5 Def:5),Rebound,Unknown,1,0,427
0022400408,597,PT02M49.00S,4,1610612744,GSW,201939,Curry,S. Curry,-116,222,25,Made,1,99,104,203,h,Curry 25' 3PT Pullup Jump Shot (30 PTS) (Schroder 5 AST),Made Shot,Pullup Jump shot,1,3,428
0022400408,599,PT02M28.00S,4,1610612747,LAL,2544,James,L. James,-1,277,28,Made,1,99,107,206,v,L. James 28' 3PT Jump Shot (31 PTS) (Reaves 10 AST),Made Shot,Jump Shot,1,3,429
0022400408,601,PT02M19.00S,4,1610612744,GSW,201939,Curry,S. Curry,191,203,28,Missed,1,,,0,h,MISS Curry 28' 3PT Step Back Jump Shot,Missed Shot,Step Back Jump shot,1,3,430
0022400408,602,PT02M16.00S,4,1610612747,LAL,1631108,Christie,M. Christie,0,0,0,,0,,,0,v,Christie REBOUND (Off:0 Def:4),Rebound,Unknown,1,0,431
0022400408,603,PT02M00.00S,4,1610612747,LAL,1631108,Christie,M. Christie,229,5,0,Missed,1,,,0,v,MISS Christie 3PT Jump Shot,Missed Shot,Jump Shot,1,3,432
0022400408,604,PT01M57.00S,4,1610612744,GSW,203952,Wiggins,A. Wiggins,0,0,0,,0,,,0,h,Wiggins REBOUND (Off:5 Def:6),Rebound,Unknown,1,0,433
0022400408,605,PT01M49.00S,4,1610612747,LAL,1629216,Vincent,G. Vincent,0,0,0,,0,,,0,v,Vincent P.FOUL (P3.PN) (S.Foster),Foul,Personal,1,0,434
0022400408,607,PT01M49.00S,4,1610612744,GSW,1630228,Kuminga,J. Kuminga,0,0,0,,0,,,0,h,MISS Kuminga Free Throw 1 of 2,Free Throw,Free Throw 1 of 2,1,0,435
0022400408,608,PT01M49.00S,4,0,,1610612744,,,0,0,0,,0,,,0,h,WARRIORS Rebound,Rebound,Normal Rebound,0,0,436
0022400408,609,PT01M49.00S,4,1610612744,GSW,1630228,Kuminga,J. Kuminga,0,0,0,,0,100,107,207,h,Kuminga Free Throw 2 of 2 (12 PTS),Free Throw,Free Throw 2 of 2,1,0,437
0022400408,610,PT01M30.00S,4,1610612747,LAL,1631108,Christie,M. Christie,-47,36,6,Made,1,100,109,209,v,Christie 6' Cutting Layup Shot (14 PTS) (L. James 10 AST),Made Shot,Cutting Layup Shot,1,2,438
0022400408,612,PT01M21.00S,4,1610612744,GSW,1630228,Kuminga,J. Kuminga,-17,14,2,Made,1,102,109,211,h,Kuminga 2' Reverse Dunk (14 PTS) (Curry 6 AST),Made Shot,Reverse Dunk Shot,1,2,439
0022400408,614,PT00M59.20S,4,1610612747,LAL,2544,James,L. James,-115,125,17,Missed,1,,,0,v,MISS L. James 17' Fadeaway Jumper,Missed Shot,Fadeaway Jump Shot,1,2,440
0022400408,615,PT00M56.80S,4,1610612744,GSW,203952,Wiggins,A. Wiggins,0,0,0,,0,,,0,h,Wiggins REBOUND (Off:5 Def:7),Rebound,Unknown,1,0,441
0022400408,616,PT00M52.00S,4,1610612744,GSW,203952,Wiggins,A. Wiggins,-16,47,5,Missed,1,,,0,h,MISS Wiggins 5' Running Layup,Missed Shot,Running Layup Shot,1,2,442
0022400408,616,PT00M52.00S,4,1610612747,LAL,2544,James,L. James,0,0,0,,0,,,0,v,L. James BLOCK (1 BLK),,,1,2,443
0022400408,618,PT00M52.00S,4,1610612744,GSW,203110,Green,D. Green,0,0,0,,0,,,0,h,Green REBOUND (Off:4 Def:6),Rebound,Unknown,1,0,444
0022400408,619,PT00M48.40S,4,1610612744,GSW,203471,Schröder,D. Schröder,-158,210,26,Made,1,105,109,214,h,Schroder 26' 3PT Jump Shot (11 PTS) (Green 5 AST),Made Shot,Jump Shot,1,3,445
0022400408,621,PT00M33.50S,4,1610612747,LAL,1630559,Reaves,A. Reaves,-127,258,29,Missed,1,,,0,v,MISS Reaves 29' 3PT Pullup Jump Shot,Missed Shot,Pullup Jump shot,1,3,446
0022400408,622,PT00M30.30S,4,1610612744,GSW,1630228,Kuminga,J. Kuminga,0,0,0,,0,,,0,h,Kuminga REBOUND (Off:0 Def:6),Rebound,Unknown,1,0,447
0022400408,623,PT00M25.70S,4,1610612744,GSW,201939,Curry,S. Curry,-23,5,2,Made,1,107,109,216,h,Curry 2' Running Reverse Layup (32 PTS),Made Shot,Running Reverse Layup Shot,1,2,448
0022400408,625,PT00M25.70S,4,0,,1610612747,,,0,0,0,,0,,,0,v,Lakers Timeout: Regular (Reg.6 Short 0),Timeout,Regular,0,0,449
0022400408,629,PT00M24.50S,4,1610612744,GSW,203110,Green,D. Green,0,0,0,,0,,,0,h,Green P.FOUL (P5.T4) (S.Foster),Foul,Personal,1,0,450
0022400408,631,PT00M22.30S,4,1610612744,GSW,201939,Curry,S. Curry,0,0,0,,0,,,0,h,Curry P.FOUL (P3.PN) (S.Foster),Foul,Personal,1,0,451
0022400408,633,PT00M22.30S,4,1610612747,LAL,1631108,Christie,M. Christie,0,0,0,,0,107,110,217,v,Christie Free Throw 1 of 2 (15 PTS),Free Throw,Free Throw 1 of 2,1,0,452
0022400408,634,PT00M22.30S,4,1610612747,LAL,1631108,Christie,M. Christie,0,0,0,,0,107,111,218,v,Christie Free Throw 2 of 2 (16 PTS),Free Throw,Free Throw 2 of 2,1,0,453
0022400408,635,PT00M22.30S,4,0,,1610612744,,,0,0,0,,0,,,0,h,WARRIORS Timeout: Regular (Full 6 Short 0),Timeout,Regular,0,0,454
0022400408,636,PT00M22.30S,4,1610612744,GSW,1630228,Kuminga,J. Kuminga,0,0,0,,0,,,0,h,SUB: Hield FOR Kuminga,Substitution,,0,0,455
0022400408,639,PT00M12.90S,4,1610612744,GSW,201939,Curry,S. Curry,225,43,0,Made,1,110,111,221,h,Curry 3PT Jump Shot (35 PTS) (Green 6 AST),Made Shot,Jump Shot,1,3,456
0022400408,641,PT00M08.90S,4,1610612744,GSW,203471,Schröder,D. Schröder,0,0,0,,0,,,0,h,Schroder P.FOUL (P4.PN) (J.Van Duyne),Foul,Personal,1,0,457
0022400408,643,PT00M08.90S,4,1610612747,LAL,1630559,Reaves,A. Reaves,0,0,0,,0,110,112,222,v,Reaves Free Throw 1 of 2 (23 PTS),Free Throw,Free Throw 1 of 2,1,0,458
0022400408,644,PT00M08.90S,4,1610612744,GSW,1627741,Hield,B. Hield,0,0,0,,0,,,0,h,SUB: Looney FOR Hield,Substitution,,0,0,459
0022400408,646,PT00M08.90S,4,1610612747,LAL,1630559,Reaves,A. Reaves,0,0,0,,0,110,113,223,v,Reaves Free Throw 2 of 2 (24 PTS),Free Throw,Free Throw 2 of 2,1,0,460
0022400408,647,PT00M08.90S,4,0,,1610612744,,,0,0,0,,0,,,0,h,WARRIORS Timeout: Regular (Full 7 Short 0),Timeout,Regular,0,0,461
0022400408,648,PT00M08.90S,4,1610612744,GSW,1626172,Looney,K. Looney,0,0,0,,0,,,0,h,SUB: Hield FOR Looney,Substitution,,0,0,462
0022400408,650,PT00M07.60S,4,1610612744,GSW,201939,Curry,S. Curry,-125,285,31,Made,1,113,113,226,h,Curry 31' 3PT Jump Shot (38 PTS) (Wiggins 3 AST),Made Shot,Jump Shot,1,3,463
0022400408,652,PT00M06.30S,4,0,,1610612747,,,0,0,0,,0,,,0,v,Lakers Timeout: Regular (Reg.7 Short 0),Timeout,Regular,0,0,464
0022400408,653,PT00M06.30S,4,1610612744,GSW,1627741,Hield,B. Hield,0,0,0,,0,,,0,h,SUB: Kuminga FOR Hield,Substitution,,0,0,465
0022400408,655,PT00M01.70S,4,1610612747,LAL,1630559,Reaves,A. Reaves,-29,18,3,Made,1,113,115,228,v,Reaves 3' Driving Layup (26 PTS),Made Shot,Driving Layup Shot,1,2,466
0022400408,656,PT00M00.00S,4,0,,0,,,0,0,0,,0,113,115,228,,End of 4th Period (10:32 PM EST),period,end,1,0,467
